受注日,顧客コード,顧客名,顧客所在地,拠点,部署,営業担当者,品名,品名カテゴリ,数量,定価,値引率,販売単価,販売金額,原価単価,原価,粗利
2022-01-04,C001,A株式会社,千葉県,東京本社,営業1部,佐藤,デスクトップPC_標準モデル,PC,11,120000,0.0952,108580,1194380,102000,1122000,72380
2022-01-04,C001,A株式会社,千葉県,東京本社,営業1部,佐藤,ノートPC_軽量モデル,PC,9,200000,0.103,179410,1614690,164000,1476000,138690
2022-01-04,C001,A株式会社,千葉県,東京本社,営業1部,佐藤,ノートPC_高性能モデル,PC,8,300000,0.1278,261670,2093360,240000,1920000,173360
2022-01-04,C004,D株式会社,神奈川県,東京本社,営業1部,田中,ノートPC_高性能モデル,PC,12,300000,0.0905,272840,3274080,240000,2880000,394080
2022-01-04,C012,L株式会社,埼玉県,東京本社,ソリューション営業部,山田,会計ソフト,ソフトウェア,8,180000,0.1097,160250,1282000,81000,648000,634000
2022-01-04,C015,O株式会社,千葉県,東京本社,営業1部,高橋,ノートPC_標準モデル,PC,12,150000,0.0611,140840,1690080,126000,1512000,178080
2022-01-04,C018,R株式会社,千葉県,東京本社,営業2部,渡辺,オフィススイート,ソフトウェア,63,50000,0.35,32500,2047500,27500,1732500,315000
2022-01-04,C019,S株式会社,神奈川県,東京本社,営業2部,山本,ノートPC_高性能モデル,PC,8,300000,0.15,255000,2040000,240000,1920000,120000
2022-01-04,C023,W株式会社,茨城県,東京本社,ソリューション営業部,吉田,オフィススイート,ソフトウェア,37,50000,0.1797,41010,1517370,27500,1017500,499870
2022-01-04,C026,Z株式会社,千葉県,東京本社,営業1部,鈴木,ワークステーション,PC,9,500000,0.0559,472040,4248360,390000,3510000,738360
2022-01-04,C026,Z株式会社,千葉県,東京本社,営業1部,鈴木,業務管理ソフト,ソフトウェア,7,250000,0.1671,208220,1457540,100000,700000,757540
2022-01-04,C028,B1株式会社,千葉県,東京本社,営業1部,田中,ノートPC_標準モデル,PC,25,150000,0.0552,141720,3543000,126000,3150000,393000
2022-01-04,C031,E1株式会社,東京都,東京本社,営業2部,山本,CADソフト,ソフトウェア,8,400000,0.266,293610,2348880,168000,1344000,1004880
2022-01-04,C031,E1株式会社,東京都,東京本社,営業2部,山本,ノートPC_標準モデル,PC,16,150000,0.0888,136680,2186880,126000,2016000,170880
2022-01-04,C031,E1株式会社,東京都,東京本社,営業2部,山本,ノートPC_高性能モデル,PC,9,300000,0.1262,262140,2359260,240000,2160000,199260
2022-01-04,C034,H1株式会社,神奈川県,東京本社,ソリューション営業部,加藤,ワークステーション,PC,2,500000,0.09,454990,909980,390000,780000,129980
2022-01-04,C035,I1株式会社,千葉県,東京本社,ソリューション営業部,吉田,会計ソフト,ソフトウェア,15,180000,0.2479,135380,2030700,81000,1215000,815700
2022-01-04,C037,K1株式会社,神奈川県,東京本社,営業1部,佐藤,オフィススイート,ソフトウェア,24,50000,0.1111,44450,1066800,27500,660000,406800
2022-01-04,C037,K1株式会社,神奈川県,東京本社,営業1部,佐藤,ノートPC_軽量モデル,PC,16,200000,0.0226,195480,3127680,164000,2624000,503680
2022-01-04,C037,K1株式会社,神奈川県,東京本社,営業1部,佐藤,ワークステーション,PC,4,500000,0.0492,475420,1901680,390000,1560000,341680
2022-01-04,C044,R1株式会社,千葉県,東京本社,営業2部,中村,CADソフト,ソフトウェア,6,400000,0.1817,327310,1963860,168000,1008000,955860
2022-01-04,C045,S1株式会社,東京都,東京本社,ソリューション営業部,小林,セキュリティソフト,ソフトウェア,20,8000,0.1688,6650,133000,4000,80000,53000
2022-01-04,C045,S1株式会社,東京都,東京本社,ソリューション営業部,小林,デスクトップPC_標準モデル,PC,10,120000,0.0437,114760,1147600,102000,1020000,127600
2022-01-04,C045,S1株式会社,東京都,東京本社,ソリューション営業部,小林,会計ソフト,ソフトウェア,17,180000,0.1616,150910,2565470,81000,1377000,1188470
2022-01-04,C046,T1株式会社,神奈川県,東京本社,ソリューション営業部,加藤,ノートPC_軽量モデル,PC,10,200000,0.0498,190040,1900400,164000,1640000,260400
2022-01-04,C046,T1株式会社,神奈川県,東京本社,ソリューション営業部,加藤,業務管理ソフト,ソフトウェア,3,250000,0.1455,213640,640920,100000,300000,340920
2022-01-04,C047,U1株式会社,千葉県,東京本社,ソリューション営業部,吉田,CADソフト,ソフトウェア,6,400000,0.1927,322920,1937520,168000,1008000,929520
2022-01-04,C047,U1株式会社,千葉県,東京本社,ソリューション営業部,吉田,セキュリティソフト,ソフトウェア,40,8000,0.2051,6360,254400,4000,160000,94400
2022-01-04,C047,U1株式会社,千葉県,東京本社,ソリューション営業部,吉田,業務管理ソフト,ソフトウェア,2,250000,0.1654,208650,417300,100000,200000,217300
2022-01-04,C048,V1株式会社,神奈川県,東京本社,ソリューション営業部,山田,CADソフト,ソフトウェア,7,400000,0.1451,341960,2393720,168000,1176000,1217720
2022-01-04,C048,V1株式会社,神奈川県,東京本社,ソリューション営業部,山田,オフィススイート,ソフトウェア,25,50000,0.187,40650,1016250,27500,687500,328750
2022-01-04,C049,W1株式会社,東京都,東京本社,営業1部,佐藤,ノートPC_標準モデル,PC,12,150000,0.0781,138280,1659360,126000,1512000,147360
2022-01-04,C049,W1株式会社,東京都,東京本社,営業1部,佐藤,ワークステーション,PC,7,500000,0.1381,430940,3016580,390000,2730000,286580
2022-01-04,C049,W1株式会社,東京都,東京本社,営業1部,佐藤,会計ソフト,ソフトウェア,24,180000,0.2491,135170,3244080,81000,1944000,1300080
2022-01-04,C053,A2株式会社,東京都,東京本社,営業2部,伊藤,CADソフト,ソフトウェア,2,400000,0.137,345180,690360,168000,336000,354360
2022-01-04,C053,A2株式会社,東京都,東京本社,営業2部,伊藤,セキュリティソフト,ソフトウェア,52,8000,0.1642,6690,347880,4000,208000,139880
2022-01-04,C053,A2株式会社,東京都,東京本社,営業2部,伊藤,業務管理ソフト,ソフトウェア,6,250000,0.17,207510,1245060,100000,600000,645060
2022-01-04,C058,F2株式会社,群馬県,東京本社,ソリューション営業部,加藤,セキュリティソフト,ソフトウェア,79,8000,0.1906,6480,511920,4000,316000,195920
2022-01-04,C058,F2株式会社,群馬県,東京本社,ソリューション営業部,加藤,ノートPC_標準モデル,PC,25,150000,0.0545,141830,3545750,126000,3150000,395750
2022-01-04,C060,H2株式会社,東京都,東京本社,ソリューション営業部,山田,セキュリティソフト,ソフトウェア,112,8000,0.3291,5370,601440,4000,448000,153440
2022-01-04,C060,H2株式会社,東京都,東京本社,ソリューション営業部,山田,ワークステーション,PC,6,500000,0.17,415000,2490000,390000,2340000,150000
2022-01-04,C060,H2株式会社,東京都,東京本社,ソリューション営業部,山田,業務管理ソフト,ソフトウェア,17,250000,0.3225,169370,2879290,100000,1700000,1179290
2022-01-04,C062,J2株式会社,東京都,東京本社,営業1部,鈴木,デスクトップPC_標準モデル,PC,22,120000,0.0767,110790,2437380,102000,2244000,193380
2022-01-04,C066,N2株式会社,茨城県,東京本社,営業2部,渡辺,オフィススイート,ソフトウェア,8,50000,0.1293,43540,348320,27500,220000,128320
2022-01-04,C066,N2株式会社,茨城県,東京本社,営業2部,渡辺,ノートPC_標準モデル,PC,11,150000,0.0311,145340,1598740,126000,1386000,212740
2022-01-04,C066,N2株式会社,茨城県,東京本社,営業2部,渡辺,会計ソフト,ソフトウェア,6,180000,0.1459,153730,922380,81000,486000,436380
2022-01-04,C067,O2株式会社,千葉県,東京本社,営業2部,山本,デスクトップPC_標準モデル,PC,11,120000,0.0192,117690,1294590,102000,1122000,172590
2022-01-04,C067,O2株式会社,千葉県,東京本社,営業2部,山本,ノートPC_標準モデル,PC,13,150000,0.0233,146510,1904630,126000,1638000,266630
2022-01-04,C068,P2株式会社,埼玉県,東京本社,営業2部,中村,デスクトップPC_標準モデル,PC,12,120000,0.086,109670,1316040,102000,1224000,92040
2022-01-04,C068,P2株式会社,埼玉県,東京本社,営業2部,中村,ノートPC_高性能モデル,PC,8,300000,0.1046,268630,2149040,240000,1920000,229040
2022-01-04,C068,P2株式会社,埼玉県,東京本社,営業2部,中村,業務管理ソフト,ソフトウェア,3,250000,0.2874,178160,534480,100000,300000,234480
2022-01-04,C070,R2株式会社,東京都,東京本社,ソリューション営業部,加藤,オフィススイート,ソフトウェア,11,50000,0.1986,40070,440770,27500,302500,138270
2022-01-04,C070,R2株式会社,東京都,東京本社,ソリューション営業部,加藤,セキュリティソフト,ソフトウェア,59,8000,0.1783,6570,387630,4000,236000,151630
2022-01-04,C071,S2株式会社,東京都,東京本社,ソリューション営業部,吉田,CADソフト,ソフトウェア,6,400000,0.1285,348590,2091540,168000,1008000,1083540
2022-01-04,C071,S2株式会社,東京都,東京本社,ソリューション営業部,吉田,会計ソフト,ソフトウェア,6,180000,0.1275,157040,942240,81000,486000,456240
2022-01-04,C072,T2株式会社,埼玉県,東京本社,ソリューション営業部,山田,オフィススイート,ソフトウェア,15,50000,0.151,42450,636750,27500,412500,224250
2022-01-04,C073,U2株式会社,千葉県,東京本社,営業1部,佐藤,ノートPC_標準モデル,PC,13,150000,0.0524,142150,1847950,126000,1638000,209950
2022-01-04,C073,U2株式会社,千葉県,東京本社,営業1部,佐藤,ノートPC_高性能モデル,PC,13,300000,0.0945,271650,3531450,240000,3120000,411450
2022-01-04,C076,X2株式会社,東京都,東京本社,営業1部,田中,デスクトップPC_標準モデル,PC,8,120000,0.0583,113010,904080,102000,816000,88080
2022-01-05,C007,G株式会社,神奈川県,東京本社,営業2部,山本,業務管理ソフト,ソフトウェア,7,250000,0.1762,205950,1441650,100000,700000,741650
2022-01-05,C008,H株式会社,神奈川県,東京本社,営業2部,中村,ノートPC_軽量モデル,PC,9,200000,0.0438,191240,1721160,164000,1476000,245160
2022-01-05,C008,H株式会社,神奈川県,東京本社,営業2部,中村,会計ソフト,ソフトウェア,8,180000,0.1534,152390,1219120,81000,648000,571120
2022-01-05,C009,I株式会社,東京都,東京本社,ソリューション営業部,小林,会計ソフト,ソフトウェア,15,180000,0.1541,152260,2283900,81000,1215000,1068900
2022-01-05,C009,I株式会社,東京都,東京本社,ソリューション営業部,小林,業務管理ソフト,ソフトウェア,8,250000,0.1567,210840,1686720,100000,800000,886720
2022-01-05,C015,O株式会社,千葉県,東京本社,営業1部,高橋,セキュリティソフト,ソフトウェア,21,8000,0.1008,7190,150990,4000,84000,66990
2022-01-05,C015,O株式会社,千葉県,東京本社,営業1部,高橋,デスクトップPC_標準モデル,PC,17,120000,0.0503,113970,1937490,102000,1734000,203490
2022-01-05,C015,O株式会社,千葉県,東京本社,営業1部,高橋,ノートPC_標準モデル,PC,12,150000,0.0264,146040,1752480,126000,1512000,240480
2022-01-05,C017,Q株式会社,神奈川県,東京本社,営業2部,伊藤,セキュリティソフト,ソフトウェア,29,8000,0.1408,6870,199230,4000,116000,83230
2022-01-05,C017,Q株式会社,神奈川県,東京本社,営業2部,伊藤,デスクトップPC_標準モデル,PC,8,120000,0.0401,115190,921520,102000,816000,105520
2022-01-05,C017,Q株式会社,神奈川県,東京本社,営業2部,伊藤,ノートPC_高性能モデル,PC,8,300000,0.0595,282160,2257280,240000,1920000,337280
2022-01-05,C018,R株式会社,千葉県,東京本社,営業2部,渡辺,オフィススイート,ソフトウェア,75,50000,0.3331,33350,2501250,27500,2062500,438750
2022-01-05,C018,R株式会社,千葉県,東京本社,営業2部,渡辺,ワークステーション,PC,5,500000,0.17,415000,2075000,390000,1950000,125000
2022-01-05,C018,R株式会社,千葉県,東京本社,営業2部,渡辺,業務管理ソフト,ソフトウェア,28,250000,0.35,162500,4550000,100000,2800000,1750000
2022-01-05,C019,S株式会社,神奈川県,東京本社,営業2部,山本,オフィススイート,ソフトウェア,96,50000,0.3282,33590,3224640,27500,2640000,584640
2022-01-05,C019,S株式会社,神奈川県,東京本社,営業2部,山本,ワークステーション,PC,7,500000,0.1493,425350,2977450,390000,2730000,247450
2022-01-05,C019,S株式会社,神奈川県,東京本社,営業2部,山本,業務管理ソフト,ソフトウェア,6,250000,0.3317,167080,1002480,100000,600000,402480
2022-01-05,C024,X株式会社,東京都,東京本社,ソリューション営業部,山田,ノートPC_高性能モデル,PC,5,300000,0.0735,277950,1389750,240000,1200000,189750
2022-01-05,C025,Y株式会社,埼玉県,東京本社,営業1部,佐藤,ノートPC_高性能モデル,PC,1,300000,0.0386,288420,288420,240000,240000,48420
2022-01-05,C025,Y株式会社,埼玉県,東京本社,営業1部,佐藤,ワークステーション,PC,2,500000,0.0739,463060,926120,390000,780000,146120
2022-01-05,C028,B1株式会社,千葉県,東京本社,営業1部,田中,ノートPC_標準モデル,PC,19,150000,0.0413,143800,2732200,126000,2394000,338200
2022-01-05,C028,B1株式会社,千葉県,東京本社,営業1部,田中,業務管理ソフト,ソフトウェア,9,250000,0.1951,201230,1811070,100000,900000,911070
2022-01-05,C032,F1株式会社,東京都,東京本社,営業2部,中村,会計ソフト,ソフトウェア,10,180000,0.1563,151870,1518700,81000,810000,708700
2022-01-05,C032,F1株式会社,東京都,東京本社,営業2部,中村,業務管理ソフト,ソフトウェア,5,250000,0.1771,205730,1028650,100000,500000,528650
2022-01-05,C034,H1株式会社,神奈川県,東京本社,ソリューション営業部,加藤,ワークステーション,PC,1,500000,0.1139,443040,443040,390000,390000,53040
2022-01-05,C034,H1株式会社,神奈川県,東京本社,ソリューション営業部,加藤,業務管理ソフト,ソフトウェア,11,250000,0.1908,202300,2225300,100000,1100000,1125300
2022-01-05,C036,J1株式会社,茨城県,東京本社,ソリューション営業部,山田,オフィススイート,ソフトウェア,77,50000,0.3259,33700,2594900,27500,2117500,477400
2022-01-05,C036,J1株式会社,茨城県,東京本社,ソリューション営業部,山田,セキュリティソフト,ソフトウェア,148,8000,0.295,5640,834720,4000,592000,242720
2022-01-05,C036,J1株式会社,茨城県,東京本社,ソリューション営業部,山田,業務管理ソフト,ソフトウェア,4,250000,0.3297,167580,670320,100000,400000,270320
2022-01-05,C039,M1株式会社,東京都,東京本社,営業1部,高橋,ノートPC_標準モデル,PC,23,150000,0.0405,143920,3310160,126000,2898000,412160
2022-01-05,C039,M1株式会社,東京都,東京本社,営業1部,高橋,業務管理ソフト,ソフトウェア,7,250000,0.1217,219580,1537060,100000,700000,837060
2022-01-05,C042,P1株式会社,東京都,東京本社,営業2部,渡辺,CADソフト,ソフトウェア,4,400000,0.1452,341920,1367680,168000,672000,695680
2022-01-05,C044,R1株式会社,千葉県,東京本社,営業2部,中村,ノートPC_高性能モデル,PC,9,300000,0.0858,274250,2468250,240000,2160000,308250
2022-01-05,C045,S1株式会社,東京都,東京本社,ソリューション営業部,小林,オフィススイート,ソフトウェア,21,50000,0.1759,41200,865200,27500,577500,287700
2022-01-05,C045,S1株式会社,東京都,東京本社,ソリューション営業部,小林,セキュリティソフト,ソフトウェア,77,8000,0.1443,6850,527450,4000,308000,219450
2022-01-05,C046,T1株式会社,神奈川県,東京本社,ソリューション営業部,加藤,CADソフト,ソフトウェア,5,400000,0.151,339590,1697950,168000,840000,857950
2022-01-05,C047,U1株式会社,千葉県,東京本社,ソリューション営業部,吉田,セキュリティソフト,ソフトウェア,88,8000,0.2047,6360,559680,4000,352000,207680
2022-01-05,C047,U1株式会社,千葉県,東京本社,ソリューション営業部,吉田,ノートPC_高性能モデル,PC,7,300000,0.0734,277980,1945860,240000,1680000,265860
2022-01-05,C048,V1株式会社,神奈川県,東京本社,ソリューション営業部,山田,会計ソフト,ソフトウェア,12,180000,0.1942,145050,1740600,81000,972000,768600
2022-01-05,C053,A2株式会社,東京都,東京本社,営業2部,伊藤,オフィススイート,ソフトウェア,31,50000,0.1598,42010,1302310,27500,852500,449810
2022-01-05,C053,A2株式会社,東京都,東京本社,営業2部,伊藤,ノートPC_標準モデル,PC,15,150000,0.0656,140160,2102400,126000,1890000,212400
2022-01-05,C053,A2株式会社,東京都,東京本社,営業2部,伊藤,ノートPC_軽量モデル,PC,16,200000,0.0591,188180,3010880,164000,2624000,386880
2022-01-05,C058,F2株式会社,群馬県,東京本社,ソリューション営業部,加藤,CADソフト,ソフトウェア,5,400000,0.1733,330690,1653450,168000,840000,813450
2022-01-05,C058,F2株式会社,群馬県,東京本社,ソリューション営業部,加藤,会計ソフト,ソフトウェア,11,180000,0.1931,145240,1597640,81000,891000,706640
2022-01-05,C058,F2株式会社,群馬県,東京本社,ソリューション営業部,加藤,業務管理ソフト,ソフトウェア,6,250000,0.1689,207790,1246740,100000,600000,646740
2022-01-05,C059,G2株式会社,茨城県,東京本社,ソリューション営業部,吉田,会計ソフト,ソフトウェア,25,180000,0.35,117000,2925000,81000,2025000,900000
2022-01-05,C059,G2株式会社,茨城県,東京本社,ソリューション営業部,吉田,業務管理ソフト,ソフトウェア,11,250000,0.3238,169050,1859550,100000,1100000,759550
2022-01-05,C062,J2株式会社,東京都,東京本社,営業1部,鈴木,ノートPC_標準モデル,PC,10,150000,0.0391,144140,1441400,126000,1260000,181400
2022-01-05,C062,J2株式会社,東京都,東京本社,営業1部,鈴木,ノートPC_高性能モデル,PC,4,300000,0.1149,265540,1062160,240000,960000,102160
2022-01-05,C063,K2株式会社,東京都,東京本社,営業1部,高橋,デスクトップPC_標準モデル,PC,16,120000,0.0263,116840,1869440,102000,1632000,237440
2022-01-05,C063,K2株式会社,東京都,東京本社,営業1部,高橋,ワークステーション,PC,6,500000,0.0468,476610,2859660,390000,2340000,519660
2022-01-05,C063,K2株式会社,東京都,東京本社,営業1部,高橋,業務管理ソフト,ソフトウェア,5,250000,0.1337,216590,1082950,100000,500000,582950
2022-01-05,C064,L2株式会社,神奈川県,東京本社,営業1部,田中,セキュリティソフト,ソフトウェア,40,8000,0.1339,6930,277200,4000,160000,117200
2022-01-05,C064,L2株式会社,神奈川県,東京本社,営業1部,田中,ノートPC_標準モデル,PC,16,150000,0.0202,146970,2351520,126000,2016000,335520
2022-01-05,C064,L2株式会社,神奈川県,東京本社,営業1部,田中,ノートPC_軽量モデル,PC,10,200000,0.0438,191250,1912500,164000,1640000,272500
2022-01-05,C069,Q2株式会社,東京都,東京本社,ソリューション営業部,小林,オフィススイート,ソフトウェア,17,50000,0.0599,47000,799000,27500,467500,331500
2022-01-05,C069,Q2株式会社,東京都,東京本社,ソリューション営業部,小林,会計ソフト,ソフトウェア,6,180000,0.0563,169860,1019160,81000,486000,533160
2022-01-05,C069,Q2株式会社,東京都,東京本社,ソリューション営業部,小林,業務管理ソフト,ソフトウェア,4,250000,0.0565,235870,943480,100000,400000,543480
2022-01-05,C074,V2株式会社,栃木県,東京本社,営業1部,鈴木,ノートPC_軽量モデル,PC,14,200000,0.0948,181040,2534560,164000,2296000,238560
2022-01-05,C074,V2株式会社,栃木県,東京本社,営業1部,鈴木,ノートPC_高性能モデル,PC,11,300000,0.0999,270020,2970220,240000,2640000,330220
2022-01-05,C074,V2株式会社,栃木県,東京本社,営業1部,鈴木,会計ソフト,ソフトウェア,18,180000,0.2957,126770,2281860,81000,1458000,823860
2022-01-05,C076,X2株式会社,東京都,東京本社,営業1部,田中,ノートPC_軽量モデル,PC,6,200000,0.066,186790,1120740,164000,984000,136740
2022-01-05,C078,Z2株式会社,東京都,東京本社,営業2部,渡辺,ノートPC_軽量モデル,PC,7,200000,0.0358,192830,1349810,164000,1148000,201810
2022-01-05,C079,A3株式会社,神奈川県,東京本社,営業2部,山本,ワークステーション,PC,2,500000,0.0636,468220,936440,390000,780000,156440
2022-01-05,C079,A3株式会社,神奈川県,東京本社,営業2部,山本,業務管理ソフト,ソフトウェア,3,250000,0.1039,224020,672060,100000,300000,372060
2022-01-06,C001,A株式会社,千葉県,東京本社,営業1部,佐藤,オフィススイート,ソフトウェア,31,50000,0.271,36450,1129950,27500,852500,277450
2022-01-06,C001,A株式会社,千葉県,東京本社,営業1部,佐藤,セキュリティソフト,ソフトウェア,122,8000,0.2479,6020,734440,4000,488000,246440
2022-01-06,C001,A株式会社,千葉県,東京本社,営業1部,佐藤,ワークステーション,PC,6,500000,0.1268,436590,2619540,390000,2340000,279540
2022-01-06,C004,D株式会社,神奈川県,東京本社,営業1部,田中,セキュリティソフト,ソフトウェア,149,8000,0.2667,5870,874630,4000,596000,278630
2022-01-06,C004,D株式会社,神奈川県,東京本社,営業1部,田中,ノートPC_軽量モデル,PC,14,200000,0.1096,178070,2492980,164000,2296000,196980
2022-01-06,C004,D株式会社,神奈川県,東京本社,営業1部,田中,ワークステーション,PC,4,500000,0.1248,437600,1750400,390000,1560000,190400
2022-01-06,C007,G株式会社,神奈川県,東京本社,営業2部,山本,セキュリティソフト,ソフトウェア,69,8000,0.143,6860,473340,4000,276000,197340
2022-01-06,C008,H株式会社,神奈川県,東京本社,営業2部,中村,セキュリティソフト,ソフトウェア,36,8000,0.1287,6970,250920,4000,144000,106920
2022-01-06,C008,H株式会社,神奈川県,東京本社,営業2部,中村,会計ソフト,ソフトウェア,11,180000,0.1441,154060,1694660,81000,891000,803660
2022-01-06,C009,I株式会社,東京都,東京本社,ソリューション営業部,小林,CADソフト,ソフトウェア,3,400000,0.1605,335810,1007430,168000,504000,503430
2022-01-06,C009,I株式会社,東京都,東京本社,ソリューション営業部,小林,セキュリティソフト,ソフトウェア,47,8000,0.1349,6920,325240,4000,188000,137240
2022-01-06,C009,I株式会社,東京都,東京本社,ソリューション営業部,小林,ノートPC_高性能モデル,PC,5,300000,0.0696,279130,1395650,240000,1200000,195650
2022-01-06,C010,J株式会社,千葉県,東京本社,ソリューション営業部,加藤,会計ソフト,ソフトウェア,22,180000,0.1641,150470,3310340,81000,1782000,1528340
2022-01-06,C013,M株式会社,神奈川県,東京本社,営業1部,佐藤,デスクトップPC_標準モデル,PC,6,120000,0.0496,114040,684240,102000,612000,72240
2022-01-06,C013,M株式会社,神奈川県,東京本社,営業1部,佐藤,ノートPC_高性能モデル,PC,4,300000,0.0614,281580,1126320,240000,960000,166320
2022-01-06,C017,Q株式会社,神奈川県,東京本社,営業2部,伊藤,セキュリティソフト,ソフトウェア,32,8000,0.145,6840,218880,4000,128000,90880
2022-01-06,C017,Q株式会社,神奈川県,東京本社,営業2部,伊藤,ノートPC_軽量モデル,PC,12,200000,0.0642,187150,2245800,164000,1968000,277800
2022-01-06,C018,R株式会社,千葉県,東京本社,営業2部,渡辺,ノートPC_標準モデル,PC,44,150000,0.0925,136120,5989280,126000,5544000,445280
2022-01-06,C018,R株式会社,千葉県,東京本社,営業2部,渡辺,会計ソフト,ソフトウェア,24,180000,0.3075,124650,2991600,81000,1944000,1047600
2022-01-06,C019,S株式会社,神奈川県,東京本社,営業2部,山本,ノートPC_標準モデル,PC,36,150000,0.11,133500,4806000,126000,4536000,270000
2022-01-06,C020,T株式会社,茨城県,東京本社,営業2部,中村,デスクトップPC_標準モデル,PC,32,120000,0.0639,112340,3594880,102000,3264000,330880
2022-01-06,C020,T株式会社,茨城県,東京本社,営業2部,中村,業務管理ソフト,ソフトウェア,6,250000,0.1841,203980,1223880,100000,600000,623880
2022-01-06,C023,W株式会社,茨城県,東京本社,ソリューション営業部,吉田,オフィススイート,ソフトウェア,23,50000,0.1405,42980,988540,27500,632500,356040
2022-01-06,C023,W株式会社,茨城県,東京本社,ソリューション営業部,吉田,セキュリティソフト,ソフトウェア,84,8000,0.1427,6860,576240,4000,336000,240240
2022-01-06,C024,X株式会社,東京都,東京本社,ソリューション営業部,山田,オフィススイート,ソフトウェア,29,50000,0.1908,40460,1173340,27500,797500,375840
2022-01-06,C024,X株式会社,東京都,東京本社,ソリューション営業部,山田,セキュリティソフト,ソフトウェア,110,8000,0.1798,6560,721600,4000,440000,281600
2022-01-06,C026,Z株式会社,千葉県,東京本社,営業1部,鈴木,ノートPC_標準モデル,PC,20,150000,0.047,142960,2859200,126000,2520000,339200
2022-01-06,C026,Z株式会社,千葉県,東京本社,営業1部,鈴木,ノートPC_高性能モデル,PC,5,300000,0.0832,275040,1375200,240000,1200000,175200
2022-01-06,C026,Z株式会社,千葉県,東京本社,営業1部,鈴木,ワークステーション,PC,2,500000,0.0972,451410,902820,390000,780000,122820
2022-01-06,C027,A1株式会社,東京都,東京本社,営業1部,高橋,ノートPC_高性能モデル,PC,15,300000,0.1105,266840,4002600,240000,3600000,402600
2022-01-06,C030,D1株式会社,東京都,東京本社,営業2部,渡辺,セキュリティソフト,ソフトウェア,36,8000,0.1743,6610,237960,4000,144000,93960
2022-01-06,C030,D1株式会社,東京都,東京本社,営業2部,渡辺,会計ソフト,ソフトウェア,11,180000,0.148,153370,1687070,81000,891000,796070
2022-01-06,C031,E1株式会社,東京都,東京本社,営業2部,山本,会計ソフト,ソフトウェア,15,180000,0.2631,132640,1989600,81000,1215000,774600
2022-01-06,C031,E1株式会社,東京都,東京本社,営業2部,山本,業務管理ソフト,ソフトウェア,14,250000,0.237,190740,2670360,100000,1400000,1270360
2022-01-06,C032,F1株式会社,東京都,東京本社,営業2部,中村,ノートPC_高性能モデル,PC,7,300000,0.0932,272030,1904210,240000,1680000,224210
2022-01-06,C032,F1株式会社,東京都,東京本社,営業2部,中村,業務管理ソフト,ソフトウェア,8,250000,0.161,209750,1678000,100000,800000,878000
2022-01-06,C034,H1株式会社,神奈川県,東京本社,ソリューション営業部,加藤,CADソフト,ソフトウェア,2,400000,0.2049,318040,636080,168000,336000,300080
2022-01-06,C034,H1株式会社,神奈川県,東京本社,ソリューション営業部,加藤,ワークステーション,PC,12,500000,0.0943,452860,5434320,390000,4680000,754320
2022-01-06,C034,H1株式会社,神奈川県,東京本社,ソリューション営業部,加藤,会計ソフト,ソフトウェア,10,180000,0.1792,147740,1477400,81000,810000,667400
2022-01-06,C037,K1株式会社,神奈川県,東京本社,営業1部,佐藤,ノートPC_軽量モデル,PC,7,200000,0.0512,189760,1328320,164000,1148000,180320
2022-01-06,C040,N1株式会社,群馬県,東京本社,営業1部,田中,ノートPC_標準モデル,PC,4,150000,0.0226,146600,586400,126000,504000,82400
2022-01-06,C042,P1株式会社,東京都,東京本社,営業2部,渡辺,CADソフト,ソフトウェア,6,400000,0.1672,333110,1998660,168000,1008000,990660
2022-01-06,C042,P1株式会社,東京都,東京本社,営業2部,渡辺,会計ソフト,ソフトウェア,7,180000,0.1521,152630,1068410,81000,567000,501410
2022-01-06,C049,W1株式会社,東京都,東京本社,営業1部,佐藤,オフィススイート,ソフトウェア,65,50000,0.2551,37240,2420600,27500,1787500,633100
2022-01-06,C052,Z1株式会社,埼玉県,東京本社,営業1部,田中,ノートPC_標準モデル,PC,26,150000,0.1024,134640,3500640,126000,3276000,224640
2022-01-06,C052,Z1株式会社,埼玉県,東京本社,営業1部,田中,ノートPC_軽量モデル,PC,22,200000,0.13,174000,3828000,164000,3608000,220000
2022-01-06,C053,A2株式会社,東京都,東京本社,営業2部,伊藤,ノートPC_軽量モデル,PC,10,200000,0.0872,182560,1825600,164000,1640000,185600
2022-01-06,C053,A2株式会社,東京都,東京本社,営業2部,伊藤,会計ソフト,ソフトウェア,12,180000,0.1626,150730,1808760,81000,972000,836760
2022-01-06,C054,B2株式会社,東京都,東京本社,営業2部,渡辺,オフィススイート,ソフトウェア,11,50000,0.1128,44360,487960,27500,302500,185460
2022-01-06,C054,B2株式会社,東京都,東京本社,営業2部,渡辺,デスクトップPC_標準モデル,PC,8,120000,0.0081,119030,952240,102000,816000,136240
2022-01-06,C054,B2株式会社,東京都,東京本社,営業2部,渡辺,ワークステーション,PC,4,500000,0.0891,455450,1821800,390000,1560000,261800
2022-01-06,C055,C2株式会社,東京都,東京本社,営業2部,山本,CADソフト,ソフトウェア,5,400000,0.1037,358530,1792650,168000,840000,952650
2022-01-06,C055,C2株式会社,東京都,東京本社,営業2部,山本,デスクトップPC_標準モデル,PC,8,120000,0.0334,116000,928000,102000,816000,112000
2022-01-06,C055,C2株式会社,東京都,東京本社,営業2部,山本,ノートPC_軽量モデル,PC,7,200000,0.0757,184860,1294020,164000,1148000,146020
2022-01-06,C056,D2株式会社,東京都,東京本社,営業2部,中村,ノートPC_標準モデル,PC,12,150000,0.0715,139280,1671360,126000,1512000,159360
2022-01-06,C056,D2株式会社,東京都,東京本社,営業2部,中村,ワークステーション,PC,2,500000,0.0596,470220,940440,390000,780000,160440
2022-01-06,C058,F2株式会社,群馬県,東京本社,ソリューション営業部,加藤,会計ソフト,ソフトウェア,7,180000,0.1822,147200,1030400,81000,567000,463400
2022-01-06,C059,G2株式会社,茨城県,東京本社,ソリューション営業部,吉田,業務管理ソフト,ソフトウェア,20,250000,0.35,162500,3250000,100000,2000000,1250000
2022-01-06,C061,I2株式会社,東京都,東京本社,営業1部,佐藤,デスクトップPC_標準モデル,PC,13,120000,0.0691,111710,1452230,102000,1326000,126230
2022-01-06,C061,I2株式会社,東京都,東京本社,営業1部,佐藤,ワークステーション,PC,3,500000,0.0749,462570,1387710,390000,1170000,217710
2022-01-06,C061,I2株式会社,東京都,東京本社,営業1部,佐藤,業務管理ソフト,ソフトウェア,5,250000,0.2076,198100,990500,100000,500000,490500
2022-01-06,C062,J2株式会社,東京都,東京本社,営業1部,鈴木,ノートPC_軽量モデル,PC,7,200000,0.0825,183500,1284500,164000,1148000,136500
2022-01-06,C062,J2株式会社,東京都,東京本社,営業1部,鈴木,ノートPC_高性能モデル,PC,11,300000,0.1211,263670,2900370,240000,2640000,260370
2022-01-06,C062,J2株式会社,東京都,東京本社,営業1部,鈴木,ワークステーション,PC,6,500000,0.1093,445370,2672220,390000,2340000,332220
2022-01-06,C063,K2株式会社,東京都,東京本社,営業1部,高橋,セキュリティソフト,ソフトウェア,68,8000,0.1299,6960,473280,4000,272000,201280
2022-01-06,C063,K2株式会社,東京都,東京本社,営業1部,高橋,デスクトップPC_標準モデル,PC,5,120000,0.0295,116460,582300,102000,510000,72300
2022-01-06,C065,M2株式会社,千葉県,東京本社,営業2部,伊藤,ノートPC_標準モデル,PC,12,150000,0.0931,136040,1632480,126000,1512000,120480
2022-01-06,C065,M2株式会社,千葉県,東京本社,営業2部,伊藤,業務管理ソフト,ソフトウェア,11,250000,0.3029,174280,1917080,100000,1100000,817080
2022-01-06,C066,N2株式会社,茨城県,東京本社,営業2部,渡辺,デスクトップPC_標準モデル,PC,14,120000,0.0426,114890,1608460,102000,1428000,180460
2022-01-06,C066,N2株式会社,茨城県,東京本社,営業2部,渡辺,ノートPC_高性能モデル,PC,7,300000,0.0512,284630,1992410,240000,1680000,312410
2022-01-06,C066,N2株式会社,茨城県,東京本社,営業2部,渡辺,業務管理ソフト,ソフトウェア,3,250000,0.1143,221410,664230,100000,300000,364230
2022-01-06,C067,O2株式会社,千葉県,東京本社,営業2部,山本,オフィススイート,ソフトウェア,15,50000,0.0963,45190,677850,27500,412500,265350
2022-01-06,C067,O2株式会社,千葉県,東京本社,営業2部,山本,セキュリティソフト,ソフトウェア,41,8000,0.1065,7150,293150,4000,164000,129150
2022-01-06,C068,P2株式会社,埼玉県,東京本社,営業2部,中村,オフィススイート,ソフトウェア,43,50000,0.2834,35830,1540690,27500,1182500,358190
2022-01-06,C068,P2株式会社,埼玉県,東京本社,営業2部,中村,ノートPC_軽量モデル,PC,21,200000,0.1002,179950,3778950,164000,3444000,334950
2022-01-06,C071,S2株式会社,東京都,東京本社,ソリューション営業部,吉田,オフィススイート,ソフトウェア,37,50000,0.1513,42430,1569910,27500,1017500,552410
2022-01-06,C071,S2株式会社,東京都,東京本社,ソリューション営業部,吉田,セキュリティソフト,ソフトウェア,33,8000,0.162,6700,221100,4000,132000,89100
2022-01-06,C073,U2株式会社,千葉県,東京本社,営業1部,佐藤,ノートPC_軽量モデル,PC,12,200000,0.09,182000,2184000,164000,1968000,216000
2022-01-06,C073,U2株式会社,千葉県,東京本社,営業1部,佐藤,ノートPC_高性能モデル,PC,10,300000,0.0698,279060,2790600,240000,2400000,390600
2022-01-06,C074,V2株式会社,栃木県,東京本社,営業1部,鈴木,ノートPC_高性能モデル,PC,9,300000,0.0974,270790,2437110,240000,2160000,277110
2022-01-06,C074,V2株式会社,栃木県,東京本社,営業1部,鈴木,ワークステーション,PC,5,500000,0.1287,435640,2178200,390000,1950000,228200
2022-01-06,C076,X2株式会社,東京都,東京本社,営業1部,田中,デスクトップPC_標準モデル,PC,13,120000,0.0532,113620,1477060,102000,1326000,151060
2022-01-06,C077,Y2株式会社,東京都,東京本社,営業2部,伊藤,セキュリティソフト,ソフトウェア,20,8000,0.1146,7080,141600,4000,80000,61600
2022-01-06,C077,Y2株式会社,東京都,東京本社,営業2部,伊藤,ノートPC_軽量モデル,PC,10,200000,0.0063,198740,1987400,164000,1640000,347400
2022-01-06,C077,Y2株式会社,東京都,東京本社,営業2部,伊藤,業務管理ソフト,ソフトウェア,6,250000,0.1136,221590,1329540,100000,600000,729540
2022-01-06,C078,Z2株式会社,東京都,東京本社,営業2部,渡辺,CADソフト,ソフトウェア,3,400000,0.1043,358270,1074810,168000,504000,570810
2022-01-06,C078,Z2株式会社,東京都,東京本社,営業2部,渡辺,セキュリティソフト,ソフトウェア,27,8000,0.1008,7190,194130,4000,108000,86130
2022-01-06,C078,Z2株式会社,東京都,東京本社,営業2部,渡辺,ノートPC_標準モデル,PC,8,150000,0.0286,145710,1165680,126000,1008000,157680
2022-01-06,C079,A3株式会社,神奈川県,東京本社,営業2部,山本,セキュリティソフト,ソフトウェア,73,8000,0.1106,7120,519760,4000,292000,227760
2022-01-07,C001,A株式会社,千葉県,東京本社,営業1部,佐藤,ノートPC_標準モデル,PC,8,150000,0.1022,134670,1077360,126000,1008000,69360
2022-01-07,C001,A株式会社,千葉県,東京本社,営業1部,佐藤,ノートPC_高性能モデル,PC,12,300000,0.1109,266740,3200880,240000,2880000,320880
2022-01-07,C001,A株式会社,千葉県,東京本社,営業1部,佐藤,ワークステーション,PC,8,500000,0.1337,433140,3465120,390000,3120000,345120
2022-01-07,C003,C株式会社,神奈川県,東京本社,営業1部,高橋,オフィススイート,ソフトウェア,14,50000,0.1864,40680,569520,27500,385000,184520
2022-01-07,C004,D株式会社,神奈川県,東京本社,営業1部,田中,デスクトップPC_標準モデル,PC,7,120000,0.0625,112500,787500,102000,714000,73500
2022-01-07,C004,D株式会社,神奈川県,東京本社,営業1部,田中,ノートPC_標準モデル,PC,19,150000,0.0816,137760,2617440,126000,2394000,223440
2022-01-07,C004,D株式会社,神奈川県,東京本社,営業1部,田中,ワークステーション,PC,1,500000,0.1113,444350,444350,390000,390000,54350
2022-01-07,C007,G株式会社,神奈川県,東京本社,営業2部,山本,CADソフト,ソフトウェア,5,400000,0.1383,344680,1723400,168000,840000,883400
2022-01-07,C007,G株式会社,神奈川県,東京本社,営業2部,山本,ノートPC_軽量モデル,PC,12,200000,0.0777,184460,2213520,164000,1968000,245520
2022-01-07,C007,G株式会社,神奈川県,東京本社,営業2部,山本,ワークステーション,PC,5,500000,0.0687,465660,2328300,390000,1950000,378300
2022-01-07,C011,K株式会社,東京都,東京本社,ソリューション営業部,吉田,業務管理ソフト,ソフトウェア,11,250000,0.2414,189640,2086040,100000,1100000,986040
2022-01-07,C012,L株式会社,埼玉県,東京本社,ソリューション営業部,山田,CADソフト,ソフトウェア,3,400000,0.105,357990,1073970,168000,504000,569970
2022-01-07,C012,L株式会社,埼玉県,東京本社,ソリューション営業部,山田,会計ソフト,ソフトウェア,7,180000,0.1284,156890,1098230,81000,567000,531230
2022-01-07,C013,M株式会社,神奈川県,東京本社,営業1部,佐藤,セキュリティソフト,ソフトウェア,39,8000,0.2017,6390,249210,4000,156000,93210
2022-01-07,C013,M株式会社,神奈川県,東京本社,営業1部,佐藤,ノートPC_軽量モデル,PC,7,200000,0.0765,184700,1292900,164000,1148000,144900
2022-01-07,C013,M株式会社,神奈川県,東京本社,営業1部,佐藤,ノートPC_高性能モデル,PC,4,300000,0.0951,271470,1085880,240000,960000,125880
2022-01-07,C016,P株式会社,神奈川県,東京本社,営業1部,田中,デスクトップPC_標準モデル,PC,28,120000,0.0815,110230,3086440,102000,2856000,230440
2022-01-07,C016,P株式会社,神奈川県,東京本社,営業1部,田中,ノートPC_標準モデル,PC,23,150000,0.0604,140940,3241620,126000,2898000,343620
2022-01-07,C016,P株式会社,神奈川県,東京本社,営業1部,田中,業務管理ソフト,ソフトウェア,5,250000,0.2292,192690,963450,100000,500000,463450
2022-01-07,C017,Q株式会社,神奈川県,東京本社,営業2部,伊藤,CADソフト,ソフトウェア,5,400000,0.1554,337850,1689250,168000,840000,849250
2022-01-07,C017,Q株式会社,神奈川県,東京本社,営業2部,伊藤,オフィススイート,ソフトウェア,17,50000,0.1408,42960,730320,27500,467500,262820
2022-01-07,C019,S株式会社,神奈川県,東京本社,営業2部,山本,オフィススイート,ソフトウェア,86,50000,0.35,32500,2795000,27500,2365000,430000
2022-01-07,C019,S株式会社,神奈川県,東京本社,営業2部,山本,ノートPC_標準モデル,PC,45,150000,0.0776,138360,6226200,126000,5670000,556200
2022-01-07,C019,S株式会社,神奈川県,東京本社,営業2部,山本,ノートPC_軽量モデル,PC,16,200000,0.1031,179380,2870080,164000,2624000,246080
2022-01-07,C021,U株式会社,神奈川県,東京本社,ソリューション営業部,小林,セキュリティソフト,ソフトウェア,93,8000,0.1544,6760,628680,4000,372000,256680
2022-01-07,C021,U株式会社,神奈川県,東京本社,ソリューション営業部,小林,業務管理ソフト,ソフトウェア,7,250000,0.1437,214080,1498560,100000,700000,798560
2022-01-07,C022,V株式会社,東京都,東京本社,ソリューション営業部,加藤,CADソフト,ソフトウェア,7,400000,0.2203,311900,2183300,168000,1176000,1007300
2022-01-07,C022,V株式会社,東京都,東京本社,ソリューション営業部,加藤,オフィススイート,ソフトウェア,32,50000,0.2259,38710,1238720,27500,880000,358720
2022-01-07,C022,V株式会社,東京都,東京本社,ソリューション営業部,加藤,業務管理ソフト,ソフトウェア,6,250000,0.2582,185440,1112640,100000,600000,512640
2022-01-07,C023,W株式会社,茨城県,東京本社,ソリューション営業部,吉田,セキュリティソフト,ソフトウェア,69,8000,0.1783,6570,453330,4000,276000,177330
2022-01-07,C024,X株式会社,東京都,東京本社,ソリューション営業部,山田,CADソフト,ソフトウェア,7,400000,0.1702,331910,2323370,168000,1176000,1147370
2022-01-07,C024,X株式会社,東京都,東京本社,ソリューション営業部,山田,セキュリティソフト,ソフトウェア,111,8000,0.1726,6620,734820,4000,444000,290820
2022-01-07,C024,X株式会社,東京都,東京本社,ソリューション営業部,山田,会計ソフト,ソフトウェア,7,180000,0.1855,146610,1026270,81000,567000,459270
2022-01-07,C026,Z株式会社,千葉県,東京本社,営業1部,鈴木,セキュリティソフト,ソフトウェア,45,8000,0.1659,6670,300150,4000,180000,120150
2022-01-07,C026,Z株式会社,千葉県,東京本社,営業1部,鈴木,ノートPC_標準モデル,PC,8,150000,0.067,139950,1119600,126000,1008000,111600
2022-01-07,C026,Z株式会社,千葉県,東京本社,営業1部,鈴木,ノートPC_高性能モデル,PC,4,300000,0.05,284990,1139960,240000,960000,179960
2022-01-07,C028,B1株式会社,千葉県,東京本社,営業1部,田中,ワークステーション,PC,5,500000,0.1205,439760,2198800,390000,1950000,248800
2022-01-07,C029,C1株式会社,埼玉県,東京本社,営業2部,伊藤,デスクトップPC_標準モデル,PC,21,120000,0.0967,108400,2276400,102000,2142000,134400
2022-01-07,C032,F1株式会社,東京都,東京本社,営業2部,中村,ワークステーション,PC,5,500000,0.0693,465370,2326850,390000,1950000,376850
2022-01-07,C032,F1株式会社,東京都,東京本社,営業2部,中村,会計ソフト,ソフトウェア,13,180000,0.1655,150210,1952730,81000,1053000,899730
2022-01-07,C034,H1株式会社,神奈川県,東京本社,ソリューション営業部,加藤,セキュリティソフト,ソフトウェア,111,8000,0.2067,6350,704850,4000,444000,260850
2022-01-07,C035,I1株式会社,千葉県,東京本社,ソリューション営業部,吉田,CADソフト,ソフトウェア,3,400000,0.2476,300960,902880,168000,504000,398880
2022-01-07,C036,J1株式会社,茨城県,東京本社,ソリューション営業部,山田,CADソフト,ソフトウェア,9,400000,0.3188,272490,2452410,168000,1512000,940410
2022-01-07,C036,J1株式会社,茨城県,東京本社,ソリューション営業部,山田,オフィススイート,ソフトウェア,53,50000,0.2829,35850,1900050,27500,1457500,442550
2022-01-07,C036,J1株式会社,茨城県,東京本社,ソリューション営業部,山田,業務管理ソフト,ソフトウェア,17,250000,0.2847,178820,3039940,100000,1700000,1339940
2022-01-07,C037,K1株式会社,神奈川県,東京本社,営業1部,佐藤,ワークステーション,PC,2,500000,0.0333,483350,966700,390000,780000,186700
2022-01-07,C038,L1株式会社,千葉県,東京本社,営業1部,鈴木,オフィススイート,ソフトウェア,20,50000,0.0977,45110,902200,27500,550000,352200
2022-01-07,C038,L1株式会社,千葉県,東京本社,営業1部,鈴木,ワークステーション,PC,5,500000,0.0722,463880,2319400,390000,1950000,369400
2022-01-07,C039,M1株式会社,東京都,東京本社,営業1部,高橋,ワークステーション,PC,2,500000,0.0581,470940,941880,390000,780000,161880
2022-01-07,C040,N1株式会社,群馬県,東京本社,営業1部,田中,ノートPC_軽量モデル,PC,4,200000,0.032,193590,774360,164000,656000,118360
2022-01-07,C040,N1株式会社,群馬県,東京本社,営業1部,田中,ワークステーション,PC,2,500000,0.0182,490890,981780,390000,780000,201780
2022-01-07,C041,O1株式会社,茨城県,東京本社,営業2部,伊藤,オフィススイート,ソフトウェア,11,50000,0.0574,47130,518430,27500,302500,215930
2022-01-07,C041,O1株式会社,茨城県,東京本社,営業2部,伊藤,ワークステーション,PC,1,500000,0.0341,482930,482930,390000,390000,92930
2022-01-07,C042,P1株式会社,東京都,東京本社,営業2部,渡辺,オフィススイート,ソフトウェア,33,50000,0.1592,42040,1387320,27500,907500,479820
2022-01-07,C042,P1株式会社,東京都,東京本社,営業2部,渡辺,ノートPC_軽量モデル,PC,5,200000,0.035,193000,965000,164000,820000,145000
2022-01-07,C042,P1株式会社,東京都,東京本社,営業2部,渡辺,会計ソフト,ソフトウェア,12,180000,0.1472,153510,1842120,81000,972000,870120
2022-01-07,C046,T1株式会社,神奈川県,東京本社,ソリューション営業部,加藤,CADソフト,ソフトウェア,8,400000,0.1376,344960,2759680,168000,1344000,1415680
2022-01-07,C047,U1株式会社,千葉県,東京本社,ソリューション営業部,吉田,会計ソフト,ソフトウェア,13,180000,0.1986,144240,1875120,81000,1053000,822120
2022-01-07,C047,U1株式会社,千葉県,東京本社,ソリューション営業部,吉田,業務管理ソフト,ソフトウェア,7,250000,0.1883,202930,1420510,100000,700000,720510
2022-01-07,C048,V1株式会社,神奈川県,東京本社,ソリューション営業部,山田,CADソフト,ソフトウェア,7,400000,0.1701,331940,2323580,168000,1176000,1147580
2022-01-07,C048,V1株式会社,神奈川県,東京本社,ソリューション営業部,山田,セキュリティソフト,ソフトウェア,83,8000,0.1665,6670,553610,4000,332000,221610
2022-01-07,C048,V1株式会社,神奈川県,東京本社,ソリューション営業部,山田,業務管理ソフト,ソフトウェア,7,250000,0.1656,208590,1460130,100000,700000,760130
2022-01-07,C049,W1株式会社,東京都,東京本社,営業1部,佐藤,セキュリティソフト,ソフトウェア,56,8000,0.2691,5850,327600,4000,224000,103600
2022-01-07,C049,W1株式会社,東京都,東京本社,営業1部,佐藤,デスクトップPC_標準モデル,PC,5,120000,0.0908,109110,545550,102000,510000,35550
2022-01-07,C049,W1株式会社,東京都,東京本社,営業1部,佐藤,ノートPC_標準モデル,PC,35,150000,0.0763,138550,4849250,126000,4410000,439250
2022-01-07,C052,Z1株式会社,埼玉県,東京本社,営業1部,田中,CADソフト,ソフトウェア,2,400000,0.2858,285670,571340,168000,336000,235340
2022-01-07,C053,A2株式会社,東京都,東京本社,営業2部,伊藤,オフィススイート,ソフトウェア,59,50000,0.1712,41440,2444960,27500,1622500,822460
2022-01-07,C053,A2株式会社,東京都,東京本社,営業2部,伊藤,ワークステーション,PC,2,500000,0.0777,461160,922320,390000,780000,142320
2022-01-07,C055,C2株式会社,東京都,東京本社,営業2部,山本,セキュリティソフト,ソフトウェア,62,8000,0.1395,6880,426560,4000,248000,178560
2022-01-07,C055,C2株式会社,東京都,東京本社,営業2部,山本,ノートPC_標準モデル,PC,11,150000,0.0233,146500,1611500,126000,1386000,225500
2022-01-07,C058,F2株式会社,群馬県,東京本社,ソリューション営業部,加藤,会計ソフト,ソフトウェア,5,180000,0.1786,147840,739200,81000,405000,334200
2022-01-07,C059,G2株式会社,茨城県,東京本社,ソリューション営業部,吉田,ノートPC_軽量モデル,PC,20,200000,0.1155,176900,3538000,164000,3280000,258000
2022-01-07,C059,G2株式会社,茨城県,東京本社,ソリューション営業部,吉田,会計ソフト,ソフトウェア,28,180000,0.35,117000,3276000,81000,2268000,1008000
2022-01-07,C062,J2株式会社,東京都,東京本社,営業1部,鈴木,デスクトップPC_標準モデル,PC,19,120000,0.073,111240,2113560,102000,1938000,175560
2022-01-07,C063,K2株式会社,東京都,東京本社,営業1部,高橋,デスクトップPC_標準モデル,PC,6,120000,0.0377,115480,692880,102000,612000,80880
2022-01-07,C063,K2株式会社,東京都,東京本社,営業1部,高橋,ノートPC_標準モデル,PC,7,150000,0.0495,142570,997990,126000,882000,115990
2022-01-07,C063,K2株式会社,東京都,東京本社,営業1部,高橋,ワークステーション,PC,1,500000,0.045,477480,477480,390000,390000,87480
2022-01-07,C066,N2株式会社,茨城県,東京本社,営業2部,渡辺,オフィススイート,ソフトウェア,24,50000,0.138,43100,1034400,27500,660000,374400
2022-01-07,C067,O2株式会社,千葉県,東京本社,営業2部,山本,会計ソフト,ソフトウェア,5,180000,0.0885,164070,820350,81000,405000,415350
2022-01-07,C068,P2株式会社,埼玉県,東京本社,営業2部,中村,CADソフト,ソフトウェア,12,400000,0.279,288390,3460680,168000,2016000,1444680
2022-01-07,C068,P2株式会社,埼玉県,東京本社,営業2部,中村,オフィススイート,ソフトウェア,49,50000,0.285,35750,1751750,27500,1347500,404250
2022-01-07,C068,P2株式会社,埼玉県,東京本社,営業2部,中村,セキュリティソフト,ソフトウェア,71,8000,0.2774,5780,410380,4000,284000,126380
2022-01-07,C070,R2株式会社,東京都,東京本社,ソリューション営業部,加藤,オフィススイート,ソフトウェア,23,50000,0.2001,39990,919770,27500,632500,287270
2022-01-07,C070,R2株式会社,東京都,東京本社,ソリューション営業部,加藤,セキュリティソフト,ソフトウェア,60,8000,0.1913,6470,388200,4000,240000,148200
2022-01-07,C074,V2株式会社,栃木県,東京本社,営業1部,鈴木,デスクトップPC_標準モデル,PC,9,120000,0.0747,111040,999360,102000,918000,81360
2022-01-07,C075,W2株式会社,東京都,東京本社,営業1部,高橋,ノートPC_軽量モデル,PC,4,200000,0.0284,194330,777320,164000,656000,121320
2022-01-07,C075,W2株式会社,東京都,東京本社,営業1部,高橋,ノートPC_高性能モデル,PC,5,300000,0.0563,283100,1415500,240000,1200000,215500
2022-01-07,C077,Y2株式会社,東京都,東京本社,営業2部,伊藤,ノートPC_軽量モデル,PC,15,200000,0.0619,187630,2814450,164000,2460000,354450
2022-01-07,C077,Y2株式会社,東京都,東京本社,営業2部,伊藤,会計ソフト,ソフトウェア,14,180000,0.1076,160620,2248680,81000,1134000,1114680
2022-01-07,C078,Z2株式会社,東京都,東京本社,営業2部,渡辺,ノートPC_軽量モデル,PC,7,200000,0.025,195000,1365000,164000,1148000,217000
2022-01-07,C078,Z2株式会社,東京都,東京本社,営業2部,渡辺,ノートPC_高性能モデル,PC,9,300000,0.0285,291440,2622960,240000,2160000,462960
2022-01-07,C078,Z2株式会社,東京都,東京本社,営業2部,渡辺,会計ソフト,ソフトウェア,9,180000,0.0995,162090,1458810,81000,729000,729810
2022-01-07,C079,A3株式会社,神奈川県,東京本社,営業2部,山本,デスクトップPC_標準モデル,PC,6,120000,0.0291,116510,699060,102000,612000,87060
2022-01-07,C079,A3株式会社,神奈川県,東京本社,営業2部,山本,ノートPC_軽量モデル,PC,2,200000,0.0459,190820,381640,164000,328000,53640
2022-01-07,C079,A3株式会社,神奈川県,東京本社,営業2部,山本,ノートPC_高性能モデル,PC,2,300000,0.0502,284950,569900,240000,480000,89900
2022-01-11,C001,A株式会社,千葉県,東京本社,営業1部,佐藤,ノートPC_標準モデル,PC,22,150000,0.0881,136790,3009380,126000,2772000,237380
2022-01-11,C005,E株式会社,埼玉県,東京本社,営業2部,伊藤,ノートPC_標準モデル,PC,15,150000,0.0367,144490,2167350,126000,1890000,277350
2022-01-11,C005,E株式会社,埼玉県,東京本社,営業2部,伊藤,ノートPC_軽量モデル,PC,11,200000,0.0512,189760,2087360,164000,1804000,283360
2022-01-11,C006,F株式会社,栃木県,東京本社,営業2部,渡辺,デスクトップPC_標準モデル,PC,3,120000,0.0191,117710,353130,102000,306000,47130
2022-01-11,C008,H株式会社,神奈川県,東京本社,営業2部,中村,セキュリティソフト,ソフトウェア,69,8000,0.1377,6900,476100,4000,276000,200100
2022-01-11,C009,I株式会社,東京都,東京本社,ソリューション営業部,小林,CADソフト,ソフトウェア,2,400000,0.1513,339480,678960,168000,336000,342960
2022-01-11,C010,J株式会社,千葉県,東京本社,ソリューション営業部,加藤,オフィススイート,ソフトウェア,32,50000,0.1495,42530,1360960,27500,880000,480960
2022-01-11,C015,O株式会社,千葉県,東京本社,営業1部,高橋,オフィススイート,ソフトウェア,22,50000,0.1118,44410,977020,27500,605000,372020
2022-01-11,C015,O株式会社,千葉県,東京本社,営業1部,高橋,ノートPC_軽量モデル,PC,9,200000,0.0545,189100,1701900,164000,1476000,225900
2022-01-11,C016,P株式会社,神奈川県,東京本社,営業1部,田中,デスクトップPC_標準モデル,PC,13,120000,0.0284,116600,1515800,102000,1326000,189800
2022-01-11,C016,P株式会社,神奈川県,東京本社,営業1部,田中,ノートPC_標準モデル,PC,11,150000,0.0563,141550,1557050,126000,1386000,171050
2022-01-11,C016,P株式会社,神奈川県,東京本社,営業1部,田中,ノートPC_高性能モデル,PC,12,300000,0.0909,272730,3272760,240000,2880000,392760
2022-01-11,C021,U株式会社,神奈川県,東京本社,ソリューション営業部,小林,デスクトップPC_標準モデル,PC,14,120000,0.0914,109030,1526420,102000,1428000,98420
2022-01-11,C021,U株式会社,神奈川県,東京本社,ソリューション営業部,小林,会計ソフト,ソフトウェア,7,180000,0.1799,147620,1033340,81000,567000,466340
2022-01-11,C026,Z株式会社,千葉県,東京本社,営業1部,鈴木,ノートPC_標準モデル,PC,7,150000,0.0454,143180,1002260,126000,882000,120260
2022-01-11,C026,Z株式会社,千葉県,東京本社,営業1部,鈴木,ノートPC_高性能モデル,PC,8,300000,0.0628,281170,2249360,240000,1920000,329360
2022-01-11,C027,A1株式会社,東京都,東京本社,営業1部,高橋,ノートPC_標準モデル,PC,28,150000,0.0626,140600,3936800,126000,3528000,408800
2022-01-11,C029,C1株式会社,埼玉県,東京本社,営業2部,伊藤,ワークステーション,PC,3,500000,0.1441,427960,1283880,390000,1170000,113880
2022-01-11,C029,C1株式会社,埼玉県,東京本社,営業2部,伊藤,業務管理ソフト,ソフトウェア,3,250000,0.2672,183200,549600,100000,300000,249600
2022-01-11,C030,D1株式会社,東京都,東京本社,営業2部,渡辺,CADソフト,ソフトウェア,6,400000,0.1489,340440,2042640,168000,1008000,1034640
2022-01-11,C030,D1株式会社,東京都,東京本社,営業2部,渡辺,オフィススイート,ソフトウェア,40,50000,0.1535,42320,1692800,27500,1100000,592800
2022-01-11,C035,I1株式会社,千葉県,東京本社,ソリューション営業部,吉田,オフィススイート,ソフトウェア,27,50000,0.2419,37910,1023570,27500,742500,281070
2022-01-11,C035,I1株式会社,千葉県,東京本社,ソリューション営業部,吉田,セキュリティソフト,ソフトウェア,112,8000,0.2274,6180,692160,4000,448000,244160
2022-01-11,C035,I1株式会社,千葉県,東京本社,ソリューション営業部,吉田,業務管理ソフト,ソフトウェア,7,250000,0.2552,186190,1303330,100000,700000,603330
2022-01-11,C038,L1株式会社,千葉県,東京本社,営業1部,鈴木,オフィススイート,ソフトウェア,32,50000,0.1225,43870,1403840,27500,880000,523840
2022-01-11,C038,L1株式会社,千葉県,東京本社,営業1部,鈴木,デスクトップPC_標準モデル,PC,8,120000,0.0389,115330,922640,102000,816000,106640
2022-01-11,C038,L1株式会社,千葉県,東京本社,営業1部,鈴木,会計ソフト,ソフトウェア,4,180000,0.1126,159740,638960,81000,324000,314960
2022-01-11,C045,S1株式会社,東京都,東京本社,ソリューション営業部,小林,業務管理ソフト,ソフトウェア,3,250000,0.1587,210330,630990,100000,300000,330990
2022-01-11,C046,T1株式会社,神奈川県,東京本社,ソリューション営業部,加藤,ワークステーション,PC,2,500000,0.0714,464310,928620,390000,780000,148620
2022-01-11,C046,T1株式会社,神奈川県,東京本社,ソリューション営業部,加藤,会計ソフト,ソフトウェア,11,180000,0.174,148680,1635480,81000,891000,744480
2022-01-11,C048,V1株式会社,神奈川県,東京本社,ソリューション営業部,山田,オフィススイート,ソフトウェア,24,50000,0.1895,40530,972720,27500,660000,312720
2022-01-11,C051,Y1株式会社,栃木県,東京本社,営業1部,高橋,デスクトップPC_標準モデル,PC,10,120000,0.0324,116110,1161100,102000,1020000,141100
2022-01-11,C051,Y1株式会社,栃木県,東京本社,営業1部,高橋,ワークステーション,PC,7,500000,0.0799,460030,3220210,390000,2730000,490210
2022-01-11,C053,A2株式会社,東京都,東京本社,営業2部,伊藤,セキュリティソフト,ソフトウェア,101,8000,0.153,6780,684780,4000,404000,280780
2022-01-11,C053,A2株式会社,東京都,東京本社,営業2部,伊藤,ノートPC_軽量モデル,PC,18,200000,0.0739,185230,3334140,164000,2952000,382140
2022-01-11,C053,A2株式会社,東京都,東京本社,営業2部,伊藤,ワークステーション,PC,5,500000,0.0749,462530,2312650,390000,1950000,362650
2022-01-11,C054,B2株式会社,東京都,東京本社,営業2部,渡辺,ノートPC_高性能モデル,PC,6,300000,0.0749,277530,1665180,240000,1440000,225180
2022-01-11,C055,C2株式会社,東京都,東京本社,営業2部,山本,CADソフト,ソフトウェア,6,400000,0.1337,346510,2079060,168000,1008000,1071060
2022-01-11,C055,C2株式会社,東京都,東京本社,営業2部,山本,ワークステーション,PC,1,500000,0.031,484490,484490,390000,390000,94490
2022-01-11,C056,D2株式会社,東京都,東京本社,営業2部,中村,CADソフト,ソフトウェア,1,400000,0.1602,335910,335910,168000,168000,167910
2022-01-11,C056,D2株式会社,東京都,東京本社,営業2部,中村,デスクトップPC_標準モデル,PC,7,120000,0.0454,114560,801920,102000,714000,87920
2022-01-11,C056,D2株式会社,東京都,東京本社,営業2部,中村,ノートPC_標準モデル,PC,17,150000,0.0453,143200,2434400,126000,2142000,292400
2022-01-11,C057,E2株式会社,埼玉県,東京本社,ソリューション営業部,小林,会計ソフト,ソフトウェア,6,180000,0.1832,147020,882120,81000,486000,396120
2022-01-11,C059,G2株式会社,茨城県,東京本社,ソリューション営業部,吉田,CADソフト,ソフトウェア,18,400000,0.3397,264110,4753980,168000,3024000,1729980
2022-01-11,C061,I2株式会社,東京都,東京本社,営業1部,佐藤,CADソフト,ソフトウェア,4,400000,0.2006,319770,1279080,168000,672000,607080
2022-01-11,C061,I2株式会社,東京都,東京本社,営業1部,佐藤,オフィススイート,ソフトウェア,45,50000,0.1946,40270,1812150,27500,1237500,574650
2022-01-11,C061,I2株式会社,東京都,東京本社,営業1部,佐藤,ノートPC_軽量モデル,PC,12,200000,0.079,184210,2210520,164000,1968000,242520
2022-01-11,C062,J2株式会社,東京都,東京本社,営業1部,鈴木,会計ソフト,ソフトウェア,18,180000,0.2138,141510,2547180,81000,1458000,1089180
2022-01-11,C064,L2株式会社,神奈川県,東京本社,営業1部,田中,ノートPC_標準モデル,PC,8,150000,0.0203,146950,1175600,126000,1008000,167600
2022-01-11,C064,L2株式会社,神奈川県,東京本社,営業1部,田中,ワークステーション,PC,6,500000,0.0667,466660,2799960,390000,2340000,459960
2022-01-11,C065,M2株式会社,千葉県,東京本社,営業2部,伊藤,ノートPC_標準モデル,PC,13,150000,0.0937,135950,1767350,126000,1638000,129350
2022-01-11,C065,M2株式会社,千葉県,東京本社,営業2部,伊藤,ワークステーション,PC,9,500000,0.1357,432140,3889260,390000,3510000,379260
2022-01-11,C068,P2株式会社,埼玉県,東京本社,営業2部,中村,セキュリティソフト,ソフトウェア,170,8000,0.2957,5630,957100,4000,680000,277100
2022-01-11,C068,P2株式会社,埼玉県,東京本社,営業2部,中村,ノートPC_標準モデル,PC,42,150000,0.0971,135440,5688480,126000,5292000,396480
2022-01-11,C068,P2株式会社,埼玉県,東京本社,営業2部,中村,ノートPC_軽量モデル,PC,14,200000,0.13,174000,2436000,164000,2296000,140000
2022-01-11,C074,V2株式会社,栃木県,東京本社,営業1部,鈴木,CADソフト,ソフトウェア,4,400000,0.2676,292980,1171920,168000,672000,499920
2022-01-11,C074,V2株式会社,栃木県,東京本社,営業1部,鈴木,デスクトップPC_標準モデル,PC,13,120000,0.0593,112880,1467440,102000,1326000,141440
2022-01-11,C074,V2株式会社,栃木県,東京本社,営業1部,鈴木,ノートPC_軽量モデル,PC,26,200000,0.13,174000,4524000,164000,4264000,260000
2022-01-12,C003,C株式会社,神奈川県,東京本社,営業1部,高橋,デスクトップPC_標準モデル,PC,13,120000,0.0717,111390,1448070,102000,1326000,122070
2022-01-12,C004,D株式会社,神奈川県,東京本社,営業1部,田中,CADソフト,ソフトウェア,8,400000,0.2629,294840,2358720,168000,1344000,1014720
2022-01-12,C007,G株式会社,神奈川県,東京本社,営業2部,山本,セキュリティソフト,ソフトウェア,94,8000,0.147,6820,641080,4000,376000,265080
2022-01-12,C009,I株式会社,東京都,東京本社,ソリューション営業部,小林,会計ソフト,ソフトウェア,10,180000,0.1611,151000,1510000,81000,810000,700000
2022-01-12,C011,K株式会社,東京都,東京本社,ソリューション営業部,吉田,ワークステーション,PC,4,500000,0.0829,458560,1834240,390000,1560000,274240
2022-01-12,C011,K株式会社,東京都,東京本社,ソリューション営業部,吉田,業務管理ソフト,ソフトウェア,5,250000,0.1783,205430,1027150,100000,500000,527150
2022-01-12,C012,L株式会社,埼玉県,東京本社,ソリューション営業部,山田,オフィススイート,ソフトウェア,15,50000,0.1279,43600,654000,27500,412500,241500
2022-01-12,C012,L株式会社,埼玉県,東京本社,ソリューション営業部,山田,会計ソフト,ソフトウェア,3,180000,0.1154,159220,477660,81000,243000,234660
2022-01-12,C014,N株式会社,東京都,東京本社,営業1部,鈴木,デスクトップPC_標準モデル,PC,11,120000,0.0593,112890,1241790,102000,1122000,119790
2022-01-12,C015,O株式会社,千葉県,東京本社,営業1部,高橋,ワークステーション,PC,3,500000,0.0466,476680,1430040,390000,1170000,260040
2022-01-12,C016,P株式会社,神奈川県,東京本社,営業1部,田中,デスクトップPC_標準モデル,PC,18,120000,0.0548,113420,2041560,102000,1836000,205560
2022-01-12,C016,P株式会社,神奈川県,東京本社,営業1部,田中,ノートPC_軽量モデル,PC,2,200000,0.0833,183340,366680,164000,328000,38680
2022-01-12,C018,R株式会社,千葉県,東京本社,営業2部,渡辺,CADソフト,ソフトウェア,10,400000,0.3378,264890,2648900,168000,1680000,968900
2022-01-12,C018,R株式会社,千葉県,東京本社,営業2部,渡辺,会計ソフト,ソフトウェア,30,180000,0.35,117000,3510000,81000,2430000,1080000
2022-01-12,C019,S株式会社,神奈川県,東京本社,営業2部,山本,ノートPC_軽量モデル,PC,26,200000,0.13,174000,4524000,164000,4264000,260000
2022-01-12,C019,S株式会社,神奈川県,東京本社,営業2部,山本,ノートPC_高性能モデル,PC,19,300000,0.1406,257820,4898580,240000,4560000,338580
2022-01-12,C020,T株式会社,茨城県,東京本社,営業2部,中村,CADソフト,ソフトウェア,4,400000,0.1905,323820,1295280,168000,672000,623280
2022-01-12,C023,W株式会社,茨城県,東京本社,ソリューション営業部,吉田,ノートPC_標準モデル,PC,24,150000,0.0379,144310,3463440,126000,3024000,439440
2022-01-12,C027,A1株式会社,東京都,東京本社,営業1部,高橋,ノートPC_軽量モデル,PC,13,200000,0.1007,179870,2338310,164000,2132000,206310
2022-01-12,C027,A1株式会社,東京都,東京本社,営業1部,高橋,ノートPC_高性能モデル,PC,2,300000,0.097,270890,541780,240000,480000,61780
2022-01-12,C028,B1株式会社,千葉県,東京本社,営業1部,田中,ノートPC_標準モデル,PC,9,150000,0.0735,138970,1250730,126000,1134000,116730
2022-01-12,C028,B1株式会社,千葉県,東京本社,営業1部,田中,ノートPC_軽量モデル,PC,13,200000,0.0932,181350,2357550,164000,2132000,225550
2022-01-12,C028,B1株式会社,千葉県,東京本社,営業1部,田中,ノートPC_高性能モデル,PC,6,300000,0.1033,269020,1614120,240000,1440000,174120
2022-01-12,C030,D1株式会社,東京都,東京本社,営業2部,渡辺,オフィススイート,ソフトウェア,35,50000,0.1732,41340,1446900,27500,962500,484400
2022-01-12,C030,D1株式会社,東京都,東京本社,営業2部,渡辺,セキュリティソフト,ソフトウェア,67,8000,0.1659,6670,446890,4000,268000,178890
2022-01-12,C030,D1株式会社,東京都,東京本社,営業2部,渡辺,会計ソフト,ソフトウェア,9,180000,0.1481,153340,1380060,81000,729000,651060
2022-01-12,C032,F1株式会社,東京都,東京本社,営業2部,中村,CADソフト,ソフトウェア,9,400000,0.1693,332290,2990610,168000,1512000,1478610
2022-01-12,C032,F1株式会社,東京都,東京本社,営業2部,中村,セキュリティソフト,ソフトウェア,31,8000,0.1562,6750,209250,4000,124000,85250
2022-01-12,C032,F1株式会社,東京都,東京本社,営業2部,中村,業務管理ソフト,ソフトウェア,3,250000,0.1985,200370,601110,100000,300000,301110
2022-01-12,C034,H1株式会社,神奈川県,東京本社,ソリューション営業部,加藤,セキュリティソフト,ソフトウェア,81,8000,0.2129,6300,510300,4000,324000,186300
2022-01-12,C034,H1株式会社,神奈川県,東京本社,ソリューション営業部,加藤,ノートPC_軽量モデル,PC,7,200000,0.1105,177910,1245370,164000,1148000,97370
2022-01-12,C034,H1株式会社,神奈川県,東京本社,ソリューション営業部,加藤,ワークステーション,PC,5,500000,0.1047,447630,2238150,390000,1950000,288150
2022-01-12,C035,I1株式会社,千葉県,東京本社,ソリューション営業部,吉田,オフィススイート,ソフトウェア,13,50000,0.2126,39370,511810,27500,357500,154310
2022-01-12,C035,I1株式会社,千葉県,東京本社,ソリューション営業部,吉田,セキュリティソフト,ソフトウェア,40,8000,0.2138,6290,251600,4000,160000,91600
2022-01-12,C037,K1株式会社,神奈川県,東京本社,営業1部,佐藤,CADソフト,ソフトウェア,2,400000,0.1327,346940,693880,168000,336000,357880
2022-01-12,C037,K1株式会社,神奈川県,東京本社,営業1部,佐藤,セキュリティソフト,ソフトウェア,36,8000,0.1345,6920,249120,4000,144000,105120
2022-01-12,C037,K1株式会社,神奈川県,東京本社,営業1部,佐藤,業務管理ソフト,ソフトウェア,5,250000,0.0896,227600,1138000,100000,500000,638000
2022-01-12,C041,O1株式会社,茨城県,東京本社,営業2部,伊藤,CADソフト,ソフトウェア,3,400000,0.0627,374920,1124760,168000,504000,620760
2022-01-12,C041,O1株式会社,茨城県,東京本社,営業2部,伊藤,ノートPC_軽量モデル,PC,7,200000,0.021,195800,1370600,164000,1148000,222600
2022-01-12,C042,P1株式会社,東京都,東京本社,営業2部,渡辺,セキュリティソフト,ソフトウェア,73,8000,0.1664,6670,486910,4000,292000,194910
2022-01-12,C043,Q1株式会社,東京都,東京本社,営業2部,山本,CADソフト,ソフトウェア,4,400000,0.1296,348150,1392600,168000,672000,720600
2022-01-12,C043,Q1株式会社,東京都,東京本社,営業2部,山本,ノートPC_標準モデル,PC,6,150000,0.0384,144240,865440,126000,756000,109440
2022-01-12,C043,Q1株式会社,東京都,東京本社,営業2部,山本,業務管理ソフト,ソフトウェア,8,250000,0.1182,220450,1763600,100000,800000,963600
2022-01-12,C046,T1株式会社,神奈川県,東京本社,ソリューション営業部,加藤,セキュリティソフト,ソフトウェア,57,8000,0.1487,6810,388170,4000,228000,160170
2022-01-12,C046,T1株式会社,神奈川県,東京本社,ソリューション営業部,加藤,会計ソフト,ソフトウェア,19,180000,0.1875,146250,2778750,81000,1539000,1239750
2022-01-12,C046,T1株式会社,神奈川県,東京本社,ソリューション営業部,加藤,業務管理ソフト,ソフトウェア,6,250000,0.1464,213410,1280460,100000,600000,680460
2022-01-12,C049,W1株式会社,東京都,東京本社,営業1部,佐藤,オフィススイート,ソフトウェア,85,50000,0.2401,38000,3230000,27500,2337500,892500
2022-01-12,C052,Z1株式会社,埼玉県,東京本社,営業1部,田中,ノートPC_軽量モデル,PC,32,200000,0.0942,181160,5797120,164000,5248000,549120
2022-01-12,C052,Z1株式会社,埼玉県,東京本社,営業1部,田中,ワークステーション,PC,8,500000,0.1528,423620,3388960,390000,3120000,268960
2022-01-12,C054,B2株式会社,東京都,東京本社,営業2部,渡辺,オフィススイート,ソフトウェア,17,50000,0.1287,43560,740520,27500,467500,273020
2022-01-12,C054,B2株式会社,東京都,東京本社,営業2部,渡辺,ノートPC_標準モデル,PC,21,150000,0.0092,148620,3121020,126000,2646000,475020
2022-01-12,C055,C2株式会社,東京都,東京本社,営業2部,山本,デスクトップPC_標準モデル,PC,7,120000,0.0327,116070,812490,102000,714000,98490
2022-01-12,C055,C2株式会社,東京都,東京本社,営業2部,山本,ノートPC_軽量モデル,PC,15,200000,0.063,187390,2810850,164000,2460000,350850
2022-01-12,C056,D2株式会社,東京都,東京本社,営業2部,中村,セキュリティソフト,ソフトウェア,84,8000,0.1412,6870,577080,4000,336000,241080
2022-01-12,C056,D2株式会社,東京都,東京本社,営業2部,中村,デスクトップPC_標準モデル,PC,6,120000,0.036,115680,694080,102000,612000,82080
2022-01-12,C056,D2株式会社,東京都,東京本社,営業2部,中村,ノートPC_軽量モデル,PC,8,200000,0.0635,187290,1498320,164000,1312000,186320
2022-01-12,C058,F2株式会社,群馬県,東京本社,ソリューション営業部,加藤,オフィススイート,ソフトウェア,31,50000,0.1647,41770,1294870,27500,852500,442370
2022-01-12,C058,F2株式会社,群馬県,東京本社,ソリューション営業部,加藤,会計ソフト,ソフトウェア,11,180000,0.1781,147940,1627340,81000,891000,736340
2022-01-12,C060,H2株式会社,東京都,東京本社,ソリューション営業部,山田,セキュリティソフト,ソフトウェア,139,8000,0.3346,5320,739480,4000,556000,183480
2022-01-12,C060,H2株式会社,東京都,東京本社,ソリューション営業部,山田,ノートPC_標準モデル,PC,14,150000,0.0956,135660,1899240,126000,1764000,135240
2022-01-12,C060,H2株式会社,東京都,東京本社,ソリューション営業部,山田,業務管理ソフト,ソフトウェア,10,250000,0.299,175250,1752500,100000,1000000,752500
2022-01-12,C061,I2株式会社,東京都,東京本社,営業1部,佐藤,デスクトップPC_標準モデル,PC,16,120000,0.0595,112860,1805760,102000,1632000,173760
2022-01-12,C061,I2株式会社,東京都,東京本社,営業1部,佐藤,ノートPC_標準モデル,PC,11,150000,0.0901,136480,1501280,126000,1386000,115280
2022-01-12,C064,L2株式会社,神奈川県,東京本社,営業1部,田中,デスクトップPC_標準モデル,PC,5,120000,0.0446,114650,573250,102000,510000,63250
2022-01-12,C064,L2株式会社,神奈川県,東京本社,営業1部,田中,ノートPC_軽量モデル,PC,4,200000,0.0305,193900,775600,164000,656000,119600
2022-01-12,C064,L2株式会社,神奈川県,東京本社,営業1部,田中,ノートPC_高性能モデル,PC,5,300000,0.0445,286660,1433300,240000,1200000,233300
2022-01-12,C067,O2株式会社,千葉県,東京本社,営業2部,山本,ノートPC_高性能モデル,PC,5,300000,0.042,287410,1437050,240000,1200000,237050
2022-01-12,C067,O2株式会社,千葉県,東京本社,営業2部,山本,ワークステーション,PC,1,500000,0.0511,474470,474470,390000,390000,84470
2022-01-12,C068,P2株式会社,埼玉県,東京本社,営業2部,中村,ノートPC_標準モデル,PC,19,150000,0.0821,137680,2615920,126000,2394000,221920
2022-01-12,C068,P2株式会社,埼玉県,東京本社,営業2部,中村,ノートPC_高性能モデル,PC,7,300000,0.1129,266140,1862980,240000,1680000,182980
2022-01-12,C068,P2株式会社,埼玉県,東京本社,営業2部,中村,ワークステーション,PC,3,500000,0.1253,437360,1312080,390000,1170000,142080
2022-01-12,C069,Q2株式会社,東京都,東京本社,ソリューション営業部,小林,セキュリティソフト,ソフトウェア,21,8000,0.0581,7540,158340,4000,84000,74340
2022-01-12,C069,Q2株式会社,東京都,東京本社,ソリューション営業部,小林,デスクトップPC_標準モデル,PC,5,120000,0.0332,116010,580050,102000,510000,70050
2022-01-12,C079,A3株式会社,神奈川県,東京本社,営業2部,山本,セキュリティソフト,ソフトウェア,47,8000,0.1411,6870,322890,4000,188000,134890
2022-01-12,C079,A3株式会社,神奈川県,東京本社,営業2部,山本,デスクトップPC_標準モデル,PC,16,120000,0.0578,113070,1809120,102000,1632000,177120
2022-01-12,C079,A3株式会社,神奈川県,東京本社,営業2部,山本,ノートPC_高性能モデル,PC,8,300000,0.0649,280530,2244240,240000,1920000,324240
2022-01-12,C080,B3株式会社,神奈川県,東京本社,営業2部,中村,CADソフト,ソフトウェア,3,400000,0.137,345200,1035600,168000,504000,531600
2022-01-12,C080,B3株式会社,神奈川県,東京本社,営業2部,中村,ノートPC_高性能モデル,PC,6,300000,0.0201,293970,1763820,240000,1440000,323820
2022-01-12,C080,B3株式会社,神奈川県,東京本社,営業2部,中村,ワークステーション,PC,6,500000,0.0517,474150,2844900,390000,2340000,504900
2022-01-13,C001,A株式会社,千葉県,東京本社,営業1部,佐藤,ノートPC_高性能モデル,PC,6,300000,0.1475,255740,1534440,240000,1440000,94440
2022-01-13,C001,A株式会社,千葉県,東京本社,営業1部,佐藤,ワークステーション,PC,8,500000,0.1435,428240,3425920,390000,3120000,305920
2022-01-13,C001,A株式会社,千葉県,東京本社,営業1部,佐藤,会計ソフト,ソフトウェア,10,180000,0.2548,134130,1341300,81000,810000,531300
2022-01-13,C002,B株式会社,神奈川県,東京本社,営業1部,鈴木,ノートPC_軽量モデル,PC,11,200000,0.0567,188660,2075260,164000,1804000,271260
2022-01-13,C003,C株式会社,神奈川県,東京本社,営業1部,高橋,デスクトップPC_標準モデル,PC,11,120000,0.0436,114770,1262470,102000,1122000,140470
2022-01-13,C003,C株式会社,神奈川県,東京本社,営業1部,高橋,ノートPC_標準モデル,PC,30,150000,0.0836,137460,4123800,126000,3780000,343800
2022-01-13,C006,F株式会社,栃木県,東京本社,営業2部,渡辺,業務管理ソフト,ソフトウェア,2,250000,0.0692,232700,465400,100000,200000,265400
2022-01-13,C007,G株式会社,神奈川県,東京本社,営業2部,山本,セキュリティソフト,ソフトウェア,109,8000,0.1614,6710,731390,4000,436000,295390
2022-01-13,C007,G株式会社,神奈川県,東京本社,営業2部,山本,ノートPC_標準モデル,PC,26,150000,0.0531,142030,3692780,126000,3276000,416780
2022-01-13,C007,G株式会社,神奈川県,東京本社,営業2部,山本,業務管理ソフト,ソフトウェア,7,250000,0.1743,206430,1445010,100000,700000,745010
2022-01-13,C012,L株式会社,埼玉県,東京本社,ソリューション営業部,山田,セキュリティソフト,ソフトウェア,71,8000,0.09,7280,516880,4000,284000,232880
2022-01-13,C013,M株式会社,神奈川県,東京本社,営業1部,佐藤,デスクトップPC_標準モデル,PC,8,120000,0.0609,112690,901520,102000,816000,85520
2022-01-13,C013,M株式会社,神奈川県,東京本社,営業1部,佐藤,ノートPC_標準モデル,PC,14,150000,0.1021,134690,1885660,126000,1764000,121660
2022-01-13,C014,N株式会社,東京都,東京本社,営業1部,鈴木,デスクトップPC_標準モデル,PC,13,120000,0.052,113760,1478880,102000,1326000,152880
2022-01-13,C014,N株式会社,東京都,東京本社,営業1部,鈴木,ノートPC_軽量モデル,PC,4,200000,0.078,184390,737560,164000,656000,81560
2022-01-13,C014,N株式会社,東京都,東京本社,営業1部,鈴木,ノートPC_高性能モデル,PC,8,300000,0.1052,268440,2147520,240000,1920000,227520
2022-01-13,C015,O株式会社,千葉県,東京本社,営業1部,高橋,デスクトップPC_標準モデル,PC,5,120000,0.0162,118060,590300,102000,510000,80300
2022-01-13,C015,O株式会社,千葉県,東京本社,営業1部,高橋,ノートPC_標準モデル,PC,19,150000,0.0287,145690,2768110,126000,2394000,374110
2022-01-13,C016,P株式会社,神奈川県,東京本社,営業1部,田中,デスクトップPC_標準モデル,PC,10,120000,0.074,111130,1111300,102000,1020000,91300
2022-01-13,C016,P株式会社,神奈川県,東京本社,営業1部,田中,ノートPC_標準モデル,PC,10,150000,0.1025,134620,1346200,126000,1260000,86200
2022-01-13,C016,P株式会社,神奈川県,東京本社,営業1部,田中,ワークステーション,PC,3,500000,0.0862,456900,1370700,390000,1170000,200700
2022-01-13,C018,R株式会社,千葉県,東京本社,営業2部,渡辺,ワークステーション,PC,16,500000,0.17,415000,6640000,390000,6240000,400000
2022-01-13,C018,R株式会社,千葉県,東京本社,営業2部,渡辺,会計ソフト,ソフトウェア,34,180000,0.35,117000,3978000,81000,2754000,1224000
2022-01-13,C021,U株式会社,神奈川県,東京本社,ソリューション営業部,小林,オフィススイート,ソフトウェア,24,50000,0.1811,40950,982800,27500,660000,322800
2022-01-13,C022,V株式会社,東京都,東京本社,ソリューション営業部,加藤,セキュリティソフト,ソフトウェア,106,8000,0.244,6050,641300,4000,424000,217300
2022-01-13,C022,V株式会社,東京都,東京本社,ソリューション営業部,加藤,会計ソフト,ソフトウェア,10,180000,0.2105,142110,1421100,81000,810000,611100
2022-01-13,C022,V株式会社,東京都,東京本社,ソリューション営業部,加藤,業務管理ソフト,ソフトウェア,7,250000,0.2217,194570,1361990,100000,700000,661990
2022-01-13,C025,Y株式会社,埼玉県,東京本社,営業1部,佐藤,ノートPC_軽量モデル,PC,7,200000,0.0466,190690,1334830,164000,1148000,186830
2022-01-13,C026,Z株式会社,千葉県,東京本社,営業1部,鈴木,セキュリティソフト,ソフトウェア,56,8000,0.187,6500,364000,4000,224000,140000
2022-01-13,C026,Z株式会社,千葉県,東京本社,営業1部,鈴木,ノートPC_軽量モデル,PC,8,200000,0.0621,187590,1500720,164000,1312000,188720
2022-01-13,C027,A1株式会社,東京都,東京本社,営業1部,高橋,ノートPC_軽量モデル,PC,9,200000,0.083,183400,1650600,164000,1476000,174600
2022-01-13,C027,A1株式会社,東京都,東京本社,営業1部,高橋,ノートPC_高性能モデル,PC,6,300000,0.1111,266670,1600020,240000,1440000,160020
2022-01-13,C028,B1株式会社,千葉県,東京本社,営業1部,田中,セキュリティソフト,ソフトウェア,73,8000,0.223,6220,454060,4000,292000,162060
2022-01-13,C031,E1株式会社,東京都,東京本社,営業2部,山本,CADソフト,ソフトウェア,4,400000,0.2661,293560,1174240,168000,672000,502240
2022-01-13,C031,E1株式会社,東京都,東京本社,営業2部,山本,オフィススイート,ソフトウェア,73,50000,0.2434,37830,2761590,27500,2007500,754090
2022-01-13,C033,G1株式会社,千葉県,東京本社,ソリューション営業部,小林,デスクトップPC_標準モデル,PC,6,120000,0.0492,114090,684540,102000,612000,72540
2022-01-13,C033,G1株式会社,千葉県,東京本社,ソリューション営業部,小林,業務管理ソフト,ソフトウェア,9,250000,0.0941,226470,2038230,100000,900000,1138230
2022-01-13,C035,I1株式会社,千葉県,東京本社,ソリューション営業部,吉田,業務管理ソフト,ソフトウェア,9,250000,0.25,187490,1687410,100000,900000,787410
2022-01-13,C036,J1株式会社,茨城県,東京本社,ソリューション営業部,山田,オフィススイート,ソフトウェア,84,50000,0.3363,33190,2787960,27500,2310000,477960
2022-01-13,C036,J1株式会社,茨城県,東京本社,ソリューション営業部,山田,セキュリティソフト,ソフトウェア,198,8000,0.329,5370,1063260,4000,792000,271260
2022-01-13,C036,J1株式会社,茨城県,東京本社,ソリューション営業部,山田,業務管理ソフト,ソフトウェア,9,250000,0.2869,178260,1604340,100000,900000,704340
2022-01-13,C040,N1株式会社,群馬県,東京本社,営業1部,田中,CADソフト,ソフトウェア,1,400000,0.0638,374470,374470,168000,168000,206470
2022-01-13,C040,N1株式会社,群馬県,東京本社,営業1部,田中,デスクトップPC_標準モデル,PC,5,120000,0.0133,118410,592050,102000,510000,82050
2022-01-13,C041,O1株式会社,茨城県,東京本社,営業2部,伊藤,CADソフト,ソフトウェア,2,400000,0.0468,381270,762540,168000,336000,426540
2022-01-13,C041,O1株式会社,茨城県,東京本社,営業2部,伊藤,オフィススイート,ソフトウェア,15,50000,0.0213,48940,734100,27500,412500,321600
2022-01-13,C041,O1株式会社,茨城県,東京本社,営業2部,伊藤,ノートPC_軽量モデル,PC,9,200000,0.0115,197710,1779390,164000,1476000,303390
2022-01-13,C042,P1株式会社,東京都,東京本社,営業2部,渡辺,オフィススイート,ソフトウェア,13,50000,0.1415,42920,557960,27500,357500,200460
2022-01-13,C045,S1株式会社,東京都,東京本社,ソリューション営業部,小林,ノートPC_標準モデル,PC,10,150000,0.0549,141760,1417600,126000,1260000,157600
2022-01-13,C046,T1株式会社,神奈川県,東京本社,ソリューション営業部,加藤,デスクトップPC_標準モデル,PC,4,120000,0.0245,117060,468240,102000,408000,60240
2022-01-13,C046,T1株式会社,神奈川県,東京本社,ソリューション営業部,加藤,会計ソフト,ソフトウェア,12,180000,0.1462,153680,1844160,81000,972000,872160
2022-01-13,C047,U1株式会社,千葉県,東京本社,ソリューション営業部,吉田,CADソフト,ソフトウェア,7,400000,0.1617,335320,2347240,168000,1176000,1171240
2022-01-13,C047,U1株式会社,千葉県,東京本社,ソリューション営業部,吉田,セキュリティソフト,ソフトウェア,95,8000,0.2016,6390,607050,4000,380000,227050
2022-01-13,C050,X1株式会社,神奈川県,東京本社,営業1部,鈴木,デスクトップPC_標準モデル,PC,21,120000,0.0834,109990,2309790,102000,2142000,167790
2022-01-13,C050,X1株式会社,神奈川県,東京本社,営業1部,鈴木,ノートPC_標準モデル,PC,11,150000,0.0828,137580,1513380,126000,1386000,127380
2022-01-13,C050,X1株式会社,神奈川県,東京本社,営業1部,鈴木,ノートPC_高性能モデル,PC,12,300000,0.1154,265370,3184440,240000,2880000,304440
2022-01-13,C052,Z1株式会社,埼玉県,東京本社,営業1部,田中,デスクトップPC_標準モデル,PC,32,120000,0.1,108000,3456000,102000,3264000,192000
2022-01-13,C052,Z1株式会社,埼玉県,東京本社,営業1部,田中,ノートPC_高性能モデル,PC,10,300000,0.1332,260050,2600500,240000,2400000,200500
2022-01-13,C058,F2株式会社,群馬県,東京本社,ソリューション営業部,加藤,CADソフト,ソフトウェア,1,400000,0.1729,330850,330850,168000,168000,162850
2022-01-13,C058,F2株式会社,群馬県,東京本社,ソリューション営業部,加藤,オフィススイート,ソフトウェア,17,50000,0.1791,41050,697850,27500,467500,230350
2022-01-13,C059,G2株式会社,茨城県,東京本社,ソリューション営業部,吉田,業務管理ソフト,ソフトウェア,5,250000,0.35,162500,812500,100000,500000,312500
2022-01-13,C060,H2株式会社,東京都,東京本社,ソリューション営業部,山田,オフィススイート,ソフトウェア,62,50000,0.335,33250,2061500,27500,1705000,356500
2022-01-13,C060,H2株式会社,東京都,東京本社,ソリューション営業部,山田,デスクトップPC_標準モデル,PC,19,120000,0.0908,109110,2073090,102000,1938000,135090
2022-01-13,C060,H2株式会社,東京都,東京本社,ソリューション営業部,山田,ノートPC_高性能モデル,PC,21,300000,0.1443,256710,5390910,240000,5040000,350910
2022-01-13,C062,J2株式会社,東京都,東京本社,営業1部,鈴木,デスクトップPC_標準モデル,PC,13,120000,0.1,108000,1404000,102000,1326000,78000
2022-01-13,C062,J2株式会社,東京都,東京本社,営業1部,鈴木,ノートPC_軽量モデル,PC,8,200000,0.103,179400,1435200,164000,1312000,123200
2022-01-13,C062,J2株式会社,東京都,東京本社,営業1部,鈴木,会計ソフト,ソフトウェア,8,180000,0.2514,134750,1078000,81000,648000,430000
2022-01-13,C063,K2株式会社,東京都,東京本社,営業1部,高橋,デスクトップPC_標準モデル,PC,9,120000,0.0308,116300,1046700,102000,918000,128700
2022-01-13,C063,K2株式会社,東京都,東京本社,営業1部,高橋,会計ソフト,ソフトウェア,12,180000,0.1225,157940,1895280,81000,972000,923280
2022-01-13,C065,M2株式会社,千葉県,東京本社,営業2部,伊藤,オフィススイート,ソフトウェア,63,50000,0.299,35050,2208150,27500,1732500,475650
2022-01-13,C065,M2株式会社,千葉県,東京本社,営業2部,伊藤,セキュリティソフト,ソフトウェア,35,8000,0.2855,5720,200200,4000,140000,60200
2022-01-13,C065,M2株式会社,千葉県,東京本社,営業2部,伊藤,ノートPC_高性能モデル,PC,16,300000,0.1139,265830,4253280,240000,3840000,413280
2022-01-13,C066,N2株式会社,茨城県,東京本社,営業2部,渡辺,CADソフト,ソフトウェア,7,400000,0.1248,350060,2450420,168000,1176000,1274420
2022-01-13,C066,N2株式会社,茨城県,東京本社,営業2部,渡辺,オフィススイート,ソフトウェア,21,50000,0.1333,43330,909930,27500,577500,332430
2022-01-13,C066,N2株式会社,茨城県,東京本社,営業2部,渡辺,会計ソフト,ソフトウェア,5,180000,0.1277,157020,785100,81000,405000,380100
2022-01-13,C068,P2株式会社,埼玉県,東京本社,営業2部,中村,オフィススイート,ソフトウェア,58,50000,0.2924,35380,2052040,27500,1595000,457040
2022-01-13,C068,P2株式会社,埼玉県,東京本社,営業2部,中村,セキュリティソフト,ソフトウェア,102,8000,0.2623,5900,601800,4000,408000,193800
2022-01-13,C068,P2株式会社,埼玉県,東京本社,営業2部,中村,ノートPC_軽量モデル,PC,7,200000,0.1082,178370,1248590,164000,1148000,100590
2022-01-13,C070,R2株式会社,東京都,東京本社,ソリューション営業部,加藤,オフィススイート,ソフトウェア,36,50000,0.1888,40560,1460160,27500,990000,470160
2022-01-13,C070,R2株式会社,東京都,東京本社,ソリューション営業部,加藤,会計ソフト,ソフトウェア,14,180000,0.1882,146130,2045820,81000,1134000,911820
2022-01-13,C071,S2株式会社,東京都,東京本社,ソリューション営業部,吉田,CADソフト,ソフトウェア,7,400000,0.1338,346470,2425290,168000,1176000,1249290
2022-01-13,C072,T2株式会社,埼玉県,東京本社,ソリューション営業部,山田,セキュリティソフト,ソフトウェア,93,8000,0.1358,6910,642630,4000,372000,270630
2022-01-13,C072,T2株式会社,埼玉県,東京本社,ソリューション営業部,山田,ノートPC_標準モデル,PC,11,150000,0.0302,145480,1600280,126000,1386000,214280
2022-01-13,C074,V2株式会社,栃木県,東京本社,営業1部,鈴木,デスクトップPC_標準モデル,PC,11,120000,0.0807,110320,1213520,102000,1122000,91520
2022-01-13,C074,V2株式会社,栃木県,東京本社,営業1部,鈴木,ノートPC_軽量モデル,PC,22,200000,0.1003,179940,3958680,164000,3608000,350680
2022-01-13,C074,V2株式会社,栃木県,東京本社,営業1部,鈴木,ノートPC_高性能モデル,PC,8,300000,0.0887,273380,2187040,240000,1920000,267040
2022-01-13,C080,B3株式会社,神奈川県,東京本社,営業2部,中村,セキュリティソフト,ソフトウェア,38,8000,0.0996,7200,273600,4000,152000,121600
2022-01-13,C080,B3株式会社,神奈川県,東京本社,営業2部,中村,ノートPC_標準モデル,PC,16,150000,0.0692,139620,2233920,126000,2016000,217920
2022-01-13,C080,B3株式会社,神奈川県,東京本社,営業2部,中村,ノートPC_軽量モデル,PC,13,200000,0.0271,194580,2529540,164000,2132000,397540
2022-01-14,C002,B株式会社,神奈川県,東京本社,営業1部,鈴木,デスクトップPC_標準モデル,PC,28,120000,0.0606,112720,3156160,102000,2856000,300160
2022-01-14,C002,B株式会社,神奈川県,東京本社,営業1部,鈴木,ノートPC_標準モデル,PC,16,150000,0.0484,142750,2284000,126000,2016000,268000
2022-01-14,C002,B株式会社,神奈川県,東京本社,営業1部,鈴木,ノートPC_高性能モデル,PC,6,300000,0.1106,266810,1600860,240000,1440000,160860
2022-01-14,C003,C株式会社,神奈川県,東京本社,営業1部,高橋,デスクトップPC_標準モデル,PC,4,120000,0.0552,113370,453480,102000,408000,45480
2022-01-14,C005,E株式会社,埼玉県,東京本社,営業2部,伊藤,ノートPC_軽量モデル,PC,14,200000,0.0424,191530,2681420,164000,2296000,385420
2022-01-14,C005,E株式会社,埼玉県,東京本社,営業2部,伊藤,ノートPC_高性能モデル,PC,4,300000,0.0285,291450,1165800,240000,960000,205800
2022-01-14,C005,E株式会社,埼玉県,東京本社,営業2部,伊藤,ワークステーション,PC,5,500000,0.069,465490,2327450,390000,1950000,377450
2022-01-14,C007,G株式会社,神奈川県,東京本社,営業2部,山本,CADソフト,ソフトウェア,5,400000,0.1634,334630,1673150,168000,840000,833150
2022-01-14,C007,G株式会社,神奈川県,東京本社,営業2部,山本,オフィススイート,ソフトウェア,30,50000,0.1622,41890,1256700,27500,825000,431700
2022-01-14,C007,G株式会社,神奈川県,東京本社,営業2部,山本,ノートPC_標準モデル,PC,9,150000,0.0654,140190,1261710,126000,1134000,127710
2022-01-14,C009,I株式会社,東京都,東京本社,ソリューション営業部,小林,業務管理ソフト,ソフトウェア,10,250000,0.1217,219570,2195700,100000,1000000,1195700
2022-01-14,C010,J株式会社,千葉県,東京本社,ソリューション営業部,加藤,CADソフト,ソフトウェア,3,400000,0.1372,345140,1035420,168000,504000,531420
2022-01-14,C010,J株式会社,千葉県,東京本社,ソリューション営業部,加藤,セキュリティソフト,ソフトウェア,35,8000,0.149,6810,238350,4000,140000,98350
2022-01-14,C011,K株式会社,東京都,東京本社,ソリューション営業部,吉田,デスクトップPC_標準モデル,PC,6,120000,0.076,110880,665280,102000,612000,53280
2022-01-14,C012,L株式会社,埼玉県,東京本社,ソリューション営業部,山田,CADソフト,ソフトウェア,3,400000,0.1022,359120,1077360,168000,504000,573360
2022-01-14,C012,L株式会社,埼玉県,東京本社,ソリューション営業部,山田,オフィススイート,ソフトウェア,41,50000,0.1198,44010,1804410,27500,1127500,676910
2022-01-14,C012,L株式会社,埼玉県,東京本社,ソリューション営業部,山田,セキュリティソフト,ソフトウェア,51,8000,0.1075,7140,364140,4000,204000,160140
2022-01-14,C013,M株式会社,神奈川県,東京本社,営業1部,佐藤,セキュリティソフト,ソフトウェア,44,8000,0.1702,6640,292160,4000,176000,116160
2022-01-14,C013,M株式会社,神奈川県,東京本社,営業1部,佐藤,ノートPC_標準モデル,PC,28,150000,0.0641,140380,3930640,126000,3528000,402640
2022-01-14,C014,N株式会社,東京都,東京本社,営業1部,鈴木,セキュリティソフト,ソフトウェア,53,8000,0.1921,6460,342380,4000,212000,130380
2022-01-14,C016,P株式会社,神奈川県,東京本社,営業1部,田中,デスクトップPC_標準モデル,PC,19,120000,0.0763,110840,2105960,102000,1938000,167960
2022-01-14,C016,P株式会社,神奈川県,東京本社,営業1部,田中,ノートPC_高性能モデル,PC,4,300000,0.1023,269310,1077240,240000,960000,117240
2022-01-14,C016,P株式会社,神奈川県,東京本社,営業1部,田中,ワークステーション,PC,3,500000,0.1456,427200,1281600,390000,1170000,111600
2022-01-14,C017,Q株式会社,神奈川県,東京本社,営業2部,伊藤,セキュリティソフト,ソフトウェア,55,8000,0.1559,6750,371250,4000,220000,151250
2022-01-14,C018,R株式会社,千葉県,東京本社,営業2部,渡辺,CADソフト,ソフトウェア,11,400000,0.35,260000,2860000,168000,1848000,1012000
2022-01-14,C018,R株式会社,千葉県,東京本社,営業2部,渡辺,オフィススイート,ソフトウェア,144,50000,0.3394,33030,4756320,27500,3960000,796320
2022-01-14,C019,S株式会社,神奈川県,東京本社,営業2部,山本,セキュリティソフト,ソフトウェア,35,8000,0.35,5200,182000,4000,140000,42000
2022-01-14,C021,U株式会社,神奈川県,東京本社,ソリューション営業部,小林,CADソフト,ソフトウェア,4,400000,0.1584,336630,1346520,168000,672000,674520
2022-01-14,C023,W株式会社,茨城県,東京本社,ソリューション営業部,吉田,オフィススイート,ソフトウェア,22,50000,0.1622,41890,921580,27500,605000,316580
2022-01-14,C026,Z株式会社,千葉県,東京本社,営業1部,鈴木,CADソフト,ソフトウェア,5,400000,0.1602,335920,1679600,168000,840000,839600
2022-01-14,C028,B1株式会社,千葉県,東京本社,営業1部,田中,ノートPC_標準モデル,PC,6,150000,0.0687,139690,838140,126000,756000,82140
2022-01-14,C028,B1株式会社,千葉県,東京本社,営業1部,田中,業務管理ソフト,ソフトウェア,3,250000,0.2302,192440,577320,100000,300000,277320
2022-01-14,C029,C1株式会社,埼玉県,東京本社,営業2部,伊藤,ノートPC_標準モデル,PC,20,150000,0.0718,139230,2784600,126000,2520000,264600
2022-01-14,C029,C1株式会社,埼玉県,東京本社,営業2部,伊藤,業務管理ソフト,ソフトウェア,11,250000,0.2936,176610,1942710,100000,1100000,842710
2022-01-14,C030,D1株式会社,東京都,東京本社,営業2部,渡辺,セキュリティソフト,ソフトウェア,56,8000,0.1479,6820,381920,4000,224000,157920
2022-01-14,C030,D1株式会社,東京都,東京本社,営業2部,渡辺,ノートPC_標準モデル,PC,3,150000,0.0336,144960,434880,126000,378000,56880
2022-01-14,C030,D1株式会社,東京都,東京本社,営業2部,渡辺,会計ソフト,ソフトウェア,7,180000,0.1232,157830,1104810,81000,567000,537810
2022-01-14,C031,E1株式会社,東京都,東京本社,営業2部,山本,オフィススイート,ソフトウェア,32,50000,0.2601,36990,1183680,27500,880000,303680
2022-01-14,C031,E1株式会社,東京都,東京本社,営業2部,山本,ノートPC_軽量モデル,PC,15,200000,0.13,174000,2610000,164000,2460000,150000
2022-01-14,C034,H1株式会社,神奈川県,東京本社,ソリューション営業部,加藤,オフィススイート,ソフトウェア,33,50000,0.2067,39670,1309110,27500,907500,401610
2022-01-14,C034,H1株式会社,神奈川県,東京本社,ソリューション営業部,加藤,会計ソフト,ソフトウェア,6,180000,0.2247,139550,837300,81000,486000,351300
2022-01-14,C034,H1株式会社,神奈川県,東京本社,ソリューション営業部,加藤,業務管理ソフト,ソフトウェア,12,250000,0.2315,192130,2305560,100000,1200000,1105560
2022-01-14,C039,M1株式会社,東京都,東京本社,営業1部,高橋,業務管理ソフト,ソフトウェア,5,250000,0.1354,216140,1080700,100000,500000,580700
2022-01-14,C040,N1株式会社,群馬県,東京本社,営業1部,田中,ノートPC_軽量モデル,PC,10,200000,0.0562,188760,1887600,164000,1640000,247600
2022-01-14,C042,P1株式会社,東京都,東京本社,営業2部,渡辺,ノートPC_高性能モデル,PC,7,300000,0.0695,279140,1953980,240000,1680000,273980
2022-01-14,C042,P1株式会社,東京都,東京本社,営業2部,渡辺,業務管理ソフト,ソフトウェア,9,250000,0.1503,212440,1911960,100000,900000,1011960
2022-01-14,C043,Q1株式会社,東京都,東京本社,営業2部,山本,ノートPC_軽量モデル,PC,5,200000,0.0256,194890,974450,164000,820000,154450
2022-01-14,C045,S1株式会社,東京都,東京本社,ソリューション営業部,小林,ノートPC_標準モデル,PC,19,150000,0.0392,144120,2738280,126000,2394000,344280
2022-01-14,C045,S1株式会社,東京都,東京本社,ソリューション営業部,小林,ノートPC_高性能モデル,PC,5,300000,0.0801,275960,1379800,240000,1200000,179800
2022-01-14,C045,S1株式会社,東京都,東京本社,ソリューション営業部,小林,業務管理ソフト,ソフトウェア,6,250000,0.1643,208920,1253520,100000,600000,653520
2022-01-14,C047,U1株式会社,千葉県,東京本社,ソリューション営業部,吉田,セキュリティソフト,ソフトウェア,48,8000,0.2031,6380,306240,4000,192000,114240
2022-01-14,C048,V1株式会社,神奈川県,東京本社,ソリューション営業部,山田,ノートPC_高性能モデル,PC,10,300000,0.0656,280310,2803100,240000,2400000,403100
2022-01-14,C048,V1株式会社,神奈川県,東京本社,ソリューション営業部,山田,会計ソフト,ソフトウェア,6,180000,0.1863,146470,878820,81000,486000,392820
2022-01-14,C049,W1株式会社,東京都,東京本社,営業1部,佐藤,ワークステーション,PC,3,500000,0.1216,439190,1317570,390000,1170000,147570
2022-01-14,C049,W1株式会社,東京都,東京本社,営業1部,佐藤,業務管理ソフト,ソフトウェア,20,250000,0.2689,182760,3655200,100000,2000000,1655200
2022-01-14,C052,Z1株式会社,埼玉県,東京本社,営業1部,田中,ノートPC_標準モデル,PC,17,150000,0.0838,137430,2336310,126000,2142000,194310
2022-01-14,C053,A2株式会社,東京都,東京本社,営業2部,伊藤,ノートPC_軽量モデル,PC,9,200000,0.058,188400,1695600,164000,1476000,219600
2022-01-14,C053,A2株式会社,東京都,東京本社,営業2部,伊藤,ノートPC_高性能モデル,PC,7,300000,0.0562,283130,1981910,240000,1680000,301910
2022-01-14,C054,B2株式会社,東京都,東京本社,営業2部,渡辺,ノートPC_軽量モデル,PC,8,200000,0.0626,187480,1499840,164000,1312000,187840
2022-01-14,C055,C2株式会社,東京都,東京本社,営業2部,山本,セキュリティソフト,ソフトウェア,38,8000,0.1097,7120,270560,4000,152000,118560
2022-01-14,C055,C2株式会社,東京都,東京本社,営業2部,山本,デスクトップPC_標準モデル,PC,7,120000,0.0615,112620,788340,102000,714000,74340
2022-01-14,C056,D2株式会社,東京都,東京本社,営業2部,中村,オフィススイート,ソフトウェア,30,50000,0.1762,41190,1235700,27500,825000,410700
2022-01-14,C058,F2株式会社,群馬県,東京本社,ソリューション営業部,加藤,会計ソフト,ソフトウェア,5,180000,0.1766,148210,741050,81000,405000,336050
2022-01-14,C058,F2株式会社,群馬県,東京本社,ソリューション営業部,加藤,業務管理ソフト,ソフトウェア,11,250000,0.182,204500,2249500,100000,1100000,1149500
2022-01-14,C059,G2株式会社,茨城県,東京本社,ソリューション営業部,吉田,CADソフト,ソフトウェア,11,400000,0.35,260000,2860000,168000,1848000,1012000
2022-01-14,C059,G2株式会社,茨城県,東京本社,ソリューション営業部,吉田,オフィススイート,ソフトウェア,59,50000,0.3092,34540,2037860,27500,1622500,415360
2022-01-14,C060,H2株式会社,東京都,東京本社,ソリューション営業部,山田,CADソフト,ソフトウェア,7,400000,0.35,260000,1820000,168000,1176000,644000
2022-01-14,C060,H2株式会社,東京都,東京本社,ソリューション営業部,山田,オフィススイート,ソフトウェア,39,50000,0.35,32500,1267500,27500,1072500,195000
2022-01-14,C061,I2株式会社,東京都,東京本社,営業1部,佐藤,デスクトップPC_標準モデル,PC,9,120000,0.0563,113240,1019160,102000,918000,101160
2022-01-14,C067,O2株式会社,千葉県,東京本社,営業2部,山本,セキュリティソフト,ソフトウェア,33,8000,0.1232,7010,231330,4000,132000,99330
2022-01-14,C068,P2株式会社,埼玉県,東京本社,営業2部,中村,業務管理ソフト,ソフトウェア,5,250000,0.2846,178860,894300,100000,500000,394300
2022-01-14,C074,V2株式会社,栃木県,東京本社,営業1部,鈴木,デスクトップPC_標準モデル,PC,16,120000,0.0748,111020,1776320,102000,1632000,144320
2022-01-14,C074,V2株式会社,栃木県,東京本社,営業1部,鈴木,ノートPC_軽量モデル,PC,19,200000,0.1171,176580,3355020,164000,3116000,239020
2022-01-14,C074,V2株式会社,栃木県,東京本社,営業1部,鈴木,ノートPC_高性能モデル,PC,11,300000,0.1165,265050,2915550,240000,2640000,275550
2022-01-14,C075,W2株式会社,東京都,東京本社,営業1部,高橋,ノートPC_高性能モデル,PC,5,300000,0.05,285000,1425000,240000,1200000,225000
2022-01-14,C076,X2株式会社,東京都,東京本社,営業1部,田中,デスクトップPC_標準モデル,PC,10,120000,0.0502,113970,1139700,102000,1020000,119700
2022-01-14,C077,Y2株式会社,東京都,東京本社,営業2部,伊藤,CADソフト,ソフトウェア,1,400000,0.0928,362890,362890,168000,168000,194890
2022-01-14,C077,Y2株式会社,東京都,東京本社,営業2部,伊藤,セキュリティソフト,ソフトウェア,29,8000,0.0883,7290,211410,4000,116000,95410
2022-01-17,C002,B株式会社,神奈川県,東京本社,営業1部,鈴木,ノートPC_標準モデル,PC,20,150000,0.0752,138720,2774400,126000,2520000,254400
2022-01-17,C002,B株式会社,神奈川県,東京本社,営業1部,鈴木,ワークステーション,PC,3,500000,0.1141,442970,1328910,390000,1170000,158910
2022-01-17,C002,B株式会社,神奈川県,東京本社,営業1部,鈴木,業務管理ソフト,ソフトウェア,9,250000,0.2461,188480,1696320,100000,900000,796320
2022-01-17,C005,E株式会社,埼玉県,東京本社,営業2部,伊藤,CADソフト,ソフトウェア,4,400000,0.1059,357640,1430560,168000,672000,758560
2022-01-17,C005,E株式会社,埼玉県,東京本社,営業2部,伊藤,セキュリティソフト,ソフトウェア,53,8000,0.1135,7090,375770,4000,212000,163770
2022-01-17,C005,E株式会社,埼玉県,東京本社,営業2部,伊藤,デスクトップPC_標準モデル,PC,12,120000,0.018,117850,1414200,102000,1224000,190200
2022-01-17,C006,F株式会社,栃木県,東京本社,営業2部,渡辺,デスクトップPC_標準モデル,PC,15,120000,0.0218,117380,1760700,102000,1530000,230700
2022-01-17,C006,F株式会社,栃木県,東京本社,営業2部,渡辺,ノートPC_標準モデル,PC,6,150000,0.021,146860,881160,126000,756000,125160
2022-01-17,C006,F株式会社,栃木県,東京本社,営業2部,渡辺,会計ソフト,ソフトウェア,6,180000,0.0693,167530,1005180,81000,486000,519180
2022-01-17,C008,H株式会社,神奈川県,東京本社,営業2部,中村,ワークステーション,PC,5,500000,0.0682,465900,2329500,390000,1950000,379500
2022-01-17,C016,P株式会社,神奈川県,東京本社,営業1部,田中,デスクトップPC_標準モデル,PC,8,120000,0.0654,112150,897200,102000,816000,81200
2022-01-17,C016,P株式会社,神奈川県,東京本社,営業1部,田中,ノートPC_軽量モデル,PC,15,200000,0.0735,185300,2779500,164000,2460000,319500
2022-01-17,C018,R株式会社,千葉県,東京本社,営業2部,渡辺,オフィススイート,ソフトウェア,65,50000,0.3484,32580,2117700,27500,1787500,330200
2022-01-17,C018,R株式会社,千葉県,東京本社,営業2部,渡辺,ノートPC_高性能モデル,PC,37,300000,0.1469,255940,9469780,240000,8880000,589780
2022-01-17,C018,R株式会社,千葉県,東京本社,営業2部,渡辺,会計ソフト,ソフトウェア,11,180000,0.35,117000,1287000,81000,891000,396000
2022-01-17,C019,S株式会社,神奈川県,東京本社,営業2部,山本,デスクトップPC_標準モデル,PC,20,120000,0.1,108000,2160000,102000,2040000,120000
2022-01-17,C019,S株式会社,神奈川県,東京本社,営業2部,山本,ノートPC_軽量モデル,PC,37,200000,0.1183,176340,6524580,164000,6068000,456580
2022-01-17,C019,S株式会社,神奈川県,東京本社,営業2部,山本,業務管理ソフト,ソフトウェア,6,250000,0.35,162500,975000,100000,600000,375000
2022-01-17,C022,V株式会社,東京都,東京本社,ソリューション営業部,加藤,セキュリティソフト,ソフトウェア,87,8000,0.2131,6290,547230,4000,348000,199230
2022-01-17,C026,Z株式会社,千葉県,東京本社,営業1部,鈴木,オフィススイート,ソフトウェア,42,50000,0.1643,41790,1755180,27500,1155000,600180
2022-01-17,C026,Z株式会社,千葉県,東京本社,営業1部,鈴木,業務管理ソフト,ソフトウェア,4,250000,0.1657,208560,834240,100000,400000,434240
2022-01-17,C027,A1株式会社,東京都,東京本社,営業1部,高橋,ノートPC_標準モデル,PC,12,150000,0.0631,140530,1686360,126000,1512000,174360
2022-01-17,C027,A1株式会社,東京都,東京本社,営業1部,高橋,ノートPC_軽量モデル,PC,16,200000,0.0916,181680,2906880,164000,2624000,282880
2022-01-17,C027,A1株式会社,東京都,東京本社,営業1部,高橋,ワークステーション,PC,4,500000,0.1406,429700,1718800,390000,1560000,158800
2022-01-17,C029,C1株式会社,埼玉県,東京本社,営業2部,伊藤,CADソフト,ソフトウェア,7,400000,0.2557,297740,2084180,168000,1176000,908180
2022-01-17,C029,C1株式会社,埼玉県,東京本社,営業2部,伊藤,オフィススイート,ソフトウェア,30,50000,0.2728,36360,1090800,27500,825000,265800
2022-01-17,C029,C1株式会社,埼玉県,東京本社,営業2部,伊藤,ノートPC_軽量モデル,PC,12,200000,0.1082,178350,2140200,164000,1968000,172200
2022-01-17,C031,E1株式会社,東京都,東京本社,営業2部,山本,オフィススイート,ソフトウェア,34,50000,0.2288,38560,1311040,27500,935000,376040
2022-01-17,C031,E1株式会社,東京都,東京本社,営業2部,山本,ノートPC_軽量モデル,PC,20,200000,0.0852,182960,3659200,164000,3280000,379200
2022-01-17,C033,G1株式会社,千葉県,東京本社,ソリューション営業部,小林,ノートPC_軽量モデル,PC,5,200000,0.0005,199900,999500,164000,820000,179500
2022-01-17,C033,G1株式会社,千葉県,東京本社,ソリューション営業部,小林,会計ソフト,ソフトウェア,9,180000,0.0847,164750,1482750,81000,729000,753750
2022-01-17,C034,H1株式会社,神奈川県,東京本社,ソリューション営業部,加藤,CADソフト,ソフトウェア,1,400000,0.1629,334840,334840,168000,168000,166840
2022-01-17,C034,H1株式会社,神奈川県,東京本社,ソリューション営業部,加藤,会計ソフト,ソフトウェア,19,180000,0.2,144000,2736000,81000,1539000,1197000
2022-01-17,C044,R1株式会社,千葉県,東京本社,営業2部,中村,オフィススイート,ソフトウェア,12,50000,0.1654,41730,500760,27500,330000,170760
2022-01-17,C048,V1株式会社,神奈川県,東京本社,ソリューション営業部,山田,オフィススイート,ソフトウェア,27,50000,0.2283,38590,1041930,27500,742500,299430
2022-01-17,C048,V1株式会社,神奈川県,東京本社,ソリューション営業部,山田,会計ソフト,ソフトウェア,16,180000,0.158,151560,2424960,81000,1296000,1128960
2022-01-17,C048,V1株式会社,神奈川県,東京本社,ソリューション営業部,山田,業務管理ソフト,ソフトウェア,7,250000,0.1867,203320,1423240,100000,700000,723240
2022-01-17,C051,Y1株式会社,栃木県,東京本社,営業1部,高橋,ノートPC_標準モデル,PC,22,150000,0.0456,143160,3149520,126000,2772000,377520
2022-01-17,C051,Y1株式会社,栃木県,東京本社,営業1部,高橋,ノートPC_高性能モデル,PC,5,300000,0.0731,278070,1390350,240000,1200000,190350
2022-01-17,C051,Y1株式会社,栃木県,東京本社,営業1部,高橋,ワークステーション,PC,2,500000,0.0661,466950,933900,390000,780000,153900
2022-01-17,C052,Z1株式会社,埼玉県,東京本社,営業1部,田中,オフィススイート,ソフトウェア,26,50000,0.2951,35250,916500,27500,715000,201500
2022-01-17,C052,Z1株式会社,埼玉県,東京本社,営業1部,田中,ノートPC_軽量モデル,PC,22,200000,0.1211,175780,3867160,164000,3608000,259160
2022-01-17,C054,B2株式会社,東京都,東京本社,営業2部,渡辺,ノートPC_標準モデル,PC,8,150000,0.0488,142680,1141440,126000,1008000,133440
2022-01-17,C056,D2株式会社,東京都,東京本社,営業2部,中村,デスクトップPC_標準モデル,PC,24,120000,0.07,111600,2678400,102000,2448000,230400
2022-01-17,C057,E2株式会社,埼玉県,東京本社,ソリューション営業部,小林,CADソフト,ソフトウェア,7,400000,0.1851,325960,2281720,168000,1176000,1105720
2022-01-17,C057,E2株式会社,埼玉県,東京本社,ソリューション営業部,小林,セキュリティソフト,ソフトウェア,54,8000,0.1854,6520,352080,4000,216000,136080
2022-01-17,C062,J2株式会社,東京都,東京本社,営業1部,鈴木,ノートPC_標準モデル,PC,11,150000,0.0724,139140,1530540,126000,1386000,144540
2022-01-17,C062,J2株式会社,東京都,東京本社,営業1部,鈴木,ノートPC_高性能モデル,PC,19,300000,0.1067,267990,5091810,240000,4560000,531810
2022-01-17,C068,P2株式会社,埼玉県,東京本社,営業2部,中村,デスクトップPC_標準モデル,PC,5,120000,0.0697,111630,558150,102000,510000,48150
2022-01-17,C068,P2株式会社,埼玉県,東京本社,営業2部,中村,ノートPC_高性能モデル,PC,17,300000,0.1317,260490,4428330,240000,4080000,348330
2022-01-17,C068,P2株式会社,埼玉県,東京本社,営業2部,中村,会計ソフト,ソフトウェア,19,180000,0.2722,131000,2489000,81000,1539000,950000
2022-01-17,C070,R2株式会社,東京都,東京本社,ソリューション営業部,加藤,CADソフト,ソフトウェア,2,400000,0.1885,324620,649240,168000,336000,313240
2022-01-17,C070,R2株式会社,東京都,東京本社,ソリューション営業部,加藤,会計ソフト,ソフトウェア,5,180000,0.1769,148160,740800,81000,405000,335800
2022-01-17,C070,R2株式会社,東京都,東京本社,ソリューション営業部,加藤,業務管理ソフト,ソフトウェア,3,250000,0.1833,204160,612480,100000,300000,312480
2022-01-17,C072,T2株式会社,埼玉県,東京本社,ソリューション営業部,山田,デスクトップPC_標準モデル,PC,7,120000,0.0441,114710,802970,102000,714000,88970
2022-01-17,C072,T2株式会社,埼玉県,東京本社,ソリューション営業部,山田,ノートPC_軽量モデル,PC,3,200000,0.0643,187130,561390,164000,492000,69390
2022-01-17,C072,T2株式会社,埼玉県,東京本社,ソリューション営業部,山田,業務管理ソフト,ソフトウェア,5,250000,0.1439,214020,1070100,100000,500000,570100
2022-01-17,C074,V2株式会社,栃木県,東京本社,営業1部,鈴木,ノートPC_高性能モデル,PC,14,300000,0.1222,263350,3686900,240000,3360000,326900
2022-01-17,C075,W2株式会社,東京都,東京本社,営業1部,高橋,ノートPC_軽量モデル,PC,8,200000,0.0334,193310,1546480,164000,1312000,234480
2022-01-17,C075,W2株式会社,東京都,東京本社,営業1部,高橋,ワークステーション,PC,2,500000,0.0462,476890,953780,390000,780000,173780
2022-01-17,C075,W2株式会社,東京都,東京本社,営業1部,高橋,会計ソフト,ソフトウェア,2,180000,0.1256,157390,314780,81000,162000,152780
2022-01-17,C076,X2株式会社,東京都,東京本社,営業1部,田中,ノートPC_高性能モデル,PC,4,300000,0.08,276000,1104000,240000,960000,144000
2022-01-17,C076,X2株式会社,東京都,東京本社,営業1部,田中,ワークステーション,PC,3,500000,0.0761,461940,1385820,390000,1170000,215820
2022-01-17,C078,Z2株式会社,東京都,東京本社,営業2部,渡辺,デスクトップPC_標準モデル,PC,10,120000,0.0384,115390,1153900,102000,1020000,133900
2022-01-17,C078,Z2株式会社,東京都,東京本社,営業2部,渡辺,ノートPC_高性能モデル,PC,5,300000,0.0262,292150,1460750,240000,1200000,260750
2022-01-17,C078,Z2株式会社,東京都,東京本社,営業2部,渡辺,業務管理ソフト,ソフトウェア,2,250000,0.1142,221460,442920,100000,200000,242920
2022-01-18,C003,C株式会社,神奈川県,東京本社,営業1部,高橋,ノートPC_軽量モデル,PC,13,200000,0.0789,184230,2394990,164000,2132000,262990
2022-01-18,C008,H株式会社,神奈川県,東京本社,営業2部,中村,デスクトップPC_標準モデル,PC,5,120000,0.0027,119680,598400,102000,510000,88400
2022-01-18,C008,H株式会社,神奈川県,東京本社,営業2部,中村,業務管理ソフト,ソフトウェア,4,250000,0.1615,209620,838480,100000,400000,438480
2022-01-18,C009,I株式会社,東京都,東京本社,ソリューション営業部,小林,オフィススイート,ソフトウェア,18,50000,0.149,42550,765900,27500,495000,270900
2022-01-18,C009,I株式会社,東京都,東京本社,ソリューション営業部,小林,会計ソフト,ソフトウェア,6,180000,0.1861,146500,879000,81000,486000,393000
2022-01-18,C011,K株式会社,東京都,東京本社,ソリューション営業部,吉田,オフィススイート,ソフトウェア,47,50000,0.216,39200,1842400,27500,1292500,549900
2022-01-18,C011,K株式会社,東京都,東京本社,ソリューション営業部,吉田,ノートPC_標準モデル,PC,14,150000,0.0452,143220,2005080,126000,1764000,241080
2022-01-18,C016,P株式会社,神奈川県,東京本社,営業1部,田中,セキュリティソフト,ソフトウェア,59,8000,0.2083,6330,373470,4000,236000,137470
2022-01-18,C016,P株式会社,神奈川県,東京本社,営業1部,田中,デスクトップPC_標準モデル,PC,14,120000,0.0923,108920,1524880,102000,1428000,96880
2022-01-18,C016,P株式会社,神奈川県,東京本社,営業1部,田中,ノートPC_標準モデル,PC,7,150000,0.0544,141830,992810,126000,882000,110810
2022-01-18,C020,T株式会社,茨城県,東京本社,営業2部,中村,オフィススイート,ソフトウェア,78,50000,0.1779,41110,3206580,27500,2145000,1061580
2022-01-18,C020,T株式会社,茨城県,東京本社,営業2部,中村,デスクトップPC_標準モデル,PC,20,120000,0.0509,113890,2277800,102000,2040000,237800
2022-01-18,C020,T株式会社,茨城県,東京本社,営業2部,中村,会計ソフト,ソフトウェア,13,180000,0.1933,145200,1887600,81000,1053000,834600
2022-01-18,C021,U株式会社,神奈川県,東京本社,ソリューション営業部,小林,CADソフト,ソフトウェア,3,400000,0.1728,330860,992580,168000,504000,488580
2022-01-18,C021,U株式会社,神奈川県,東京本社,ソリューション営業部,小林,セキュリティソフト,ソフトウェア,56,8000,0.1627,6700,375200,4000,224000,151200
2022-01-18,C024,X株式会社,東京都,東京本社,ソリューション営業部,山田,オフィススイート,ソフトウェア,25,50000,0.1845,40780,1019500,27500,687500,332000
2022-01-18,C024,X株式会社,東京都,東京本社,ソリューション営業部,山田,会計ソフト,ソフトウェア,14,180000,0.1968,144570,2023980,81000,1134000,889980
2022-01-18,C024,X株式会社,東京都,東京本社,ソリューション営業部,山田,業務管理ソフト,ソフトウェア,6,250000,0.1625,209370,1256220,100000,600000,656220
2022-01-18,C025,Y株式会社,埼玉県,東京本社,営業1部,佐藤,ノートPC_軽量モデル,PC,11,200000,0.0381,192370,2116070,164000,1804000,312070
2022-01-18,C025,Y株式会社,埼玉県,東京本社,営業1部,佐藤,会計ソフト,ソフトウェア,5,180000,0.1035,161370,806850,81000,405000,401850
2022-01-18,C026,Z株式会社,千葉県,東京本社,営業1部,鈴木,オフィススイート,ソフトウェア,31,50000,0.193,40350,1250850,27500,852500,398350
2022-01-18,C026,Z株式会社,千葉県,東京本社,営業1部,鈴木,ノートPC_標準モデル,PC,7,150000,0.0293,145610,1019270,126000,882000,137270
2022-01-18,C028,B1株式会社,千葉県,東京本社,営業1部,田中,デスクトップPC_標準モデル,PC,22,120000,0.048,114240,2513280,102000,2244000,269280
2022-01-18,C028,B1株式会社,千葉県,東京本社,営業1部,田中,ノートPC_標準モデル,PC,41,150000,0.0573,141400,5797400,126000,5166000,631400
2022-01-18,C028,B1株式会社,千葉県,東京本社,営業1部,田中,ノートPC_高性能モデル,PC,11,300000,0.1148,265550,2921050,240000,2640000,281050
2022-01-18,C030,D1株式会社,東京都,東京本社,営業2部,渡辺,デスクトップPC_標準モデル,PC,6,120000,0.0535,113580,681480,102000,612000,69480
2022-01-18,C033,G1株式会社,千葉県,東京本社,ソリューション営業部,小林,デスクトップPC_標準モデル,PC,13,120000,0.0379,115450,1500850,102000,1326000,174850
2022-01-18,C040,N1株式会社,群馬県,東京本社,営業1部,田中,デスクトップPC_標準モデル,PC,5,120000,0.0014,119830,599150,102000,510000,89150
2022-01-18,C040,N1株式会社,群馬県,東京本社,営業1部,田中,ノートPC_標準モデル,PC,6,150000,0.033,145050,870300,126000,756000,114300
2022-01-18,C040,N1株式会社,群馬県,東京本社,営業1部,田中,ワークステーション,PC,3,500000,0.0067,496640,1489920,390000,1170000,319920
2022-01-18,C042,P1株式会社,東京都,東京本社,営業2部,渡辺,セキュリティソフト,ソフトウェア,37,8000,0.1408,6870,254190,4000,148000,106190
2022-01-18,C044,R1株式会社,千葉県,東京本社,営業2部,中村,ノートPC_標準モデル,PC,11,150000,0.0672,139920,1539120,126000,1386000,153120
2022-01-18,C045,S1株式会社,東京都,東京本社,ソリューション営業部,小林,オフィススイート,ソフトウェア,65,50000,0.1481,42590,2768350,27500,1787500,980850
2022-01-18,C045,S1株式会社,東京都,東京本社,ソリューション営業部,小林,セキュリティソフト,ソフトウェア,65,8000,0.1765,6590,428350,4000,260000,168350
2022-01-18,C045,S1株式会社,東京都,東京本社,ソリューション営業部,小林,会計ソフト,ソフトウェア,9,180000,0.1667,149990,1349910,81000,729000,620910
2022-01-18,C046,T1株式会社,神奈川県,東京本社,ソリューション営業部,加藤,CADソフト,ソフトウェア,5,400000,0.1725,331000,1655000,168000,840000,815000
2022-01-18,C046,T1株式会社,神奈川県,東京本社,ソリューション営業部,加藤,会計ソフト,ソフトウェア,6,180000,0.1534,152390,914340,81000,486000,428340
2022-01-18,C046,T1株式会社,神奈川県,東京本社,ソリューション営業部,加藤,業務管理ソフト,ソフトウェア,7,250000,0.164,208990,1462930,100000,700000,762930
2022-01-18,C047,U1株式会社,千葉県,東京本社,ソリューション営業部,吉田,会計ソフト,ソフトウェア,16,180000,0.2226,139930,2238880,81000,1296000,942880
2022-01-18,C048,V1株式会社,神奈川県,東京本社,ソリューション営業部,山田,オフィススイート,ソフトウェア,35,50000,0.1539,42300,1480500,27500,962500,518000
2022-01-18,C048,V1株式会社,神奈川県,東京本社,ソリューション営業部,山田,セキュリティソフト,ソフトウェア,21,8000,0.1546,6760,141960,4000,84000,57960
2022-01-18,C048,V1株式会社,神奈川県,東京本社,ソリューション営業部,山田,会計ソフト,ソフトウェア,7,180000,0.187,146340,1024380,81000,567000,457380
2022-01-18,C049,W1株式会社,東京都,東京本社,営業1部,佐藤,ノートPC_標準モデル,PC,26,150000,0.0759,138610,3603860,126000,3276000,327860
2022-01-18,C051,Y1株式会社,栃木県,東京本社,営業1部,高橋,ワークステーション,PC,8,500000,0.0703,464850,3718800,390000,3120000,598800
2022-01-18,C052,Z1株式会社,埼玉県,東京本社,営業1部,田中,デスクトップPC_標準モデル,PC,10,120000,0.0823,110130,1101300,102000,1020000,81300
2022-01-18,C052,Z1株式会社,埼玉県,東京本社,営業1部,田中,ノートPC_軽量モデル,PC,35,200000,0.13,174000,6090000,164000,5740000,350000
2022-01-18,C056,D2株式会社,東京都,東京本社,営業2部,中村,業務管理ソフト,ソフトウェア,2,250000,0.1544,211400,422800,100000,200000,222800
2022-01-18,C057,E2株式会社,埼玉県,東京本社,ソリューション営業部,小林,オフィススイート,ソフトウェア,16,50000,0.1909,40450,647200,27500,440000,207200
2022-01-18,C057,E2株式会社,埼玉県,東京本社,ソリューション営業部,小林,会計ソフト,ソフトウェア,16,180000,0.2053,143050,2288800,81000,1296000,992800
2022-01-18,C057,E2株式会社,埼玉県,東京本社,ソリューション営業部,小林,業務管理ソフト,ソフトウェア,13,250000,0.1799,205030,2665390,100000,1300000,1365390
2022-01-18,C059,G2株式会社,茨城県,東京本社,ソリューション営業部,吉田,CADソフト,ソフトウェア,10,400000,0.35,260000,2600000,168000,1680000,920000
2022-01-18,C059,G2株式会社,茨城県,東京本社,ソリューション営業部,吉田,会計ソフト,ソフトウェア,23,180000,0.35,117000,2691000,81000,1863000,828000
2022-01-18,C059,G2株式会社,茨城県,東京本社,ソリューション営業部,吉田,業務管理ソフト,ソフトウェア,9,250000,0.35,162500,1462500,100000,900000,562500
2022-01-18,C060,H2株式会社,東京都,東京本社,ソリューション営業部,山田,セキュリティソフト,ソフトウェア,54,8000,0.3335,5330,287820,4000,216000,71820
2022-01-18,C061,I2株式会社,東京都,東京本社,営業1部,佐藤,セキュリティソフト,ソフトウェア,98,8000,0.2042,6370,624260,4000,392000,232260
2022-01-18,C061,I2株式会社,東京都,東京本社,営業1部,佐藤,デスクトップPC_標準モデル,PC,14,120000,0.0638,112350,1572900,102000,1428000,144900
2022-01-18,C061,I2株式会社,東京都,東京本社,営業1部,佐藤,ノートPC_高性能モデル,PC,1,300000,0.0561,283170,283170,240000,240000,43170
2022-01-18,C063,K2株式会社,東京都,東京本社,営業1部,高橋,ノートPC_軽量モデル,PC,17,200000,0.0498,190040,3230680,164000,2788000,442680
2022-01-18,C063,K2株式会社,東京都,東京本社,営業1部,高橋,ノートPC_高性能モデル,PC,6,300000,0.0341,289760,1738560,240000,1440000,298560
2022-01-18,C063,K2株式会社,東京都,東京本社,営業1部,高橋,ワークステーション,PC,2,500000,0.0622,468880,937760,390000,780000,157760
2022-01-18,C064,L2株式会社,神奈川県,東京本社,営業1部,田中,セキュリティソフト,ソフトウェア,47,8000,0.1237,7010,329470,4000,188000,141470
2022-01-18,C065,M2株式会社,千葉県,東京本社,営業2部,伊藤,セキュリティソフト,ソフトウェア,96,8000,0.3118,5510,528960,4000,384000,144960
2022-01-18,C066,N2株式会社,茨城県,東京本社,営業2部,渡辺,セキュリティソフト,ソフトウェア,42,8000,0.1275,6980,293160,4000,168000,125160
2022-01-18,C066,N2株式会社,茨城県,東京本社,営業2部,渡辺,ノートPC_標準モデル,PC,5,150000,0.0798,138030,690150,126000,630000,60150
2022-01-18,C067,O2株式会社,千葉県,東京本社,営業2部,山本,CADソフト,ソフトウェア,4,400000,0.0783,368660,1474640,168000,672000,802640
2022-01-18,C067,O2株式会社,千葉県,東京本社,営業2部,山本,オフィススイート,ソフトウェア,25,50000,0.0616,46920,1173000,27500,687500,485500
2022-01-18,C067,O2株式会社,千葉県,東京本社,営業2部,山本,セキュリティソフト,ソフトウェア,31,8000,0.0834,7330,227230,4000,124000,103230
2022-01-18,C068,P2株式会社,埼玉県,東京本社,営業2部,中村,デスクトップPC_標準モデル,PC,14,120000,0.1,108000,1512000,102000,1428000,84000
2022-01-18,C069,Q2株式会社,東京都,東京本社,ソリューション営業部,小林,セキュリティソフト,ソフトウェア,21,8000,0.0958,7230,151830,4000,84000,67830
2022-01-18,C071,S2株式会社,東京都,東京本社,ソリューション営業部,吉田,オフィススイート,ソフトウェア,27,50000,0.117,44150,1192050,27500,742500,449550
2022-01-18,C076,X2株式会社,東京都,東京本社,営業1部,田中,ノートPC_標準モデル,PC,22,150000,0.0602,140980,3101560,126000,2772000,329560
2022-01-18,C076,X2株式会社,東京都,東京本社,営業1部,田中,ノートPC_軽量モデル,PC,10,200000,0.0385,192290,1922900,164000,1640000,282900
2022-01-19,C006,F株式会社,栃木県,東京本社,営業2部,渡辺,ノートPC_高性能モデル,PC,6,300000,0.0198,294060,1764360,240000,1440000,324360
2022-01-19,C008,H株式会社,神奈川県,東京本社,営業2部,中村,ノートPC_軽量モデル,PC,10,200000,0.0284,194320,1943200,164000,1640000,303200
2022-01-19,C009,I株式会社,東京都,東京本社,ソリューション営業部,小林,セキュリティソフト,ソフトウェア,36,8000,0.1606,6720,241920,4000,144000,97920
2022-01-19,C009,I株式会社,東京都,東京本社,ソリューション営業部,小林,会計ソフト,ソフトウェア,7,180000,0.1672,149910,1049370,81000,567000,482370
2022-01-19,C009,I株式会社,東京都,東京本社,ソリューション営業部,小林,業務管理ソフト,ソフトウェア,6,250000,0.164,209000,1254000,100000,600000,654000
2022-01-19,C011,K株式会社,東京都,東京本社,ソリューション営業部,吉田,オフィススイート,ソフトウェア,26,50000,0.1965,40170,1044420,27500,715000,329420
2022-01-19,C011,K株式会社,東京都,東京本社,ソリューション営業部,吉田,ワークステーション,PC,9,500000,0.1063,446830,4021470,390000,3510000,511470
2022-01-19,C011,K株式会社,東京都,東京本社,ソリューション営業部,吉田,会計ソフト,ソフトウェア,8,180000,0.2209,140230,1121840,81000,648000,473840
2022-01-19,C014,N株式会社,東京都,東京本社,営業1部,鈴木,デスクトップPC_標準モデル,PC,12,120000,0.0461,114470,1373640,102000,1224000,149640
2022-01-19,C014,N株式会社,東京都,東京本社,営業1部,鈴木,ノートPC_高性能モデル,PC,5,300000,0.0971,270860,1354300,240000,1200000,154300
2022-01-19,C014,N株式会社,東京都,東京本社,営業1部,鈴木,会計ソフト,ソフトウェア,14,180000,0.2025,143550,2009700,81000,1134000,875700
2022-01-19,C016,P株式会社,神奈川県,東京本社,営業1部,田中,ノートPC_標準モデル,PC,7,150000,0.0613,140810,985670,126000,882000,103670
2022-01-19,C016,P株式会社,神奈川県,東京本社,営業1部,田中,ワークステーション,PC,10,500000,0.1093,445340,4453400,390000,3900000,553400
2022-01-19,C018,R株式会社,千葉県,東京本社,営業2部,渡辺,デスクトップPC_標準モデル,PC,34,120000,0.1,108000,3672000,102000,3468000,204000
2022-01-19,C018,R株式会社,千葉県,東京本社,営業2部,渡辺,ノートPC_標準モデル,PC,30,150000,0.11,133500,4005000,126000,3780000,225000
2022-01-19,C018,R株式会社,千葉県,東京本社,営業2部,渡辺,ノートPC_高性能モデル,PC,28,300000,0.1271,261870,7332360,240000,6720000,612360
2022-01-19,C021,U株式会社,神奈川県,東京本社,ソリューション営業部,小林,CADソフト,ソフトウェア,4,400000,0.1446,342150,1368600,168000,672000,696600
2022-01-19,C021,U株式会社,神奈川県,東京本社,ソリューション営業部,小林,オフィススイート,ソフトウェア,33,50000,0.1927,40370,1332210,27500,907500,424710
2022-01-19,C021,U株式会社,神奈川県,東京本社,ソリューション営業部,小林,セキュリティソフト,ソフトウェア,40,8000,0.1647,6680,267200,4000,160000,107200
2022-01-19,C022,V株式会社,東京都,東京本社,ソリューション営業部,加藤,CADソフト,ソフトウェア,7,400000,0.2492,300320,2102240,168000,1176000,926240
2022-01-19,C022,V株式会社,東京都,東京本社,ソリューション営業部,加藤,オフィススイート,ソフトウェア,77,50000,0.2309,38450,2960650,27500,2117500,843150
2022-01-19,C022,V株式会社,東京都,東京本社,ソリューション営業部,加藤,ノートPC_軽量モデル,PC,14,200000,0.082,183600,2570400,164000,2296000,274400
2022-01-19,C023,W株式会社,茨城県,東京本社,ソリューション営業部,吉田,オフィススイート,ソフトウェア,28,50000,0.1733,41340,1157520,27500,770000,387520
2022-01-19,C023,W株式会社,茨城県,東京本社,ソリューション営業部,吉田,セキュリティソフト,ソフトウェア,75,8000,0.1676,6660,499500,4000,300000,199500
2022-01-19,C023,W株式会社,茨城県,東京本社,ソリューション営業部,吉田,業務管理ソフト,ソフトウェア,7,250000,0.1822,204440,1431080,100000,700000,731080
2022-01-19,C026,Z株式会社,千葉県,東京本社,営業1部,鈴木,CADソフト,ソフトウェア,4,400000,0.1554,337850,1351400,168000,672000,679400
2022-01-19,C026,Z株式会社,千葉県,東京本社,営業1部,鈴木,オフィススイート,ソフトウェア,58,50000,0.1726,41370,2399460,27500,1595000,804460
2022-01-19,C026,Z株式会社,千葉県,東京本社,営業1部,鈴木,デスクトップPC_標準モデル,PC,10,120000,0.0529,113650,1136500,102000,1020000,116500
2022-01-19,C027,A1株式会社,東京都,東京本社,営業1部,高橋,CADソフト,ソフトウェア,4,400000,0.2672,293140,1172560,168000,672000,500560
2022-01-19,C027,A1株式会社,東京都,東京本社,営業1部,高橋,ノートPC_軽量モデル,PC,17,200000,0.0901,181970,3093490,164000,2788000,305490
2022-01-19,C028,B1株式会社,千葉県,東京本社,営業1部,田中,ノートPC_高性能モデル,PC,12,300000,0.0923,272300,3267600,240000,2880000,387600
2022-01-19,C029,C1株式会社,埼玉県,東京本社,営業2部,伊藤,デスクトップPC_標準モデル,PC,25,120000,0.093,108840,2721000,102000,2550000,171000
2022-01-19,C029,C1株式会社,埼玉県,東京本社,営業2部,伊藤,ノートPC_高性能モデル,PC,10,300000,0.147,255900,2559000,240000,2400000,159000
2022-01-19,C029,C1株式会社,埼玉県,東京本社,営業2部,伊藤,会計ソフト,ソフトウェア,20,180000,0.2677,131810,2636200,81000,1620000,1016200
2022-01-19,C033,G1株式会社,千葉県,東京本社,ソリューション営業部,小林,セキュリティソフト,ソフトウェア,45,8000,0.1143,7090,319050,4000,180000,139050
2022-01-19,C035,I1株式会社,千葉県,東京本社,ソリューション営業部,吉田,CADソフト,ソフトウェア,12,400000,0.2233,310660,3727920,168000,2016000,1711920
2022-01-19,C035,I1株式会社,千葉県,東京本社,ソリューション営業部,吉田,セキュリティソフト,ソフトウェア,70,8000,0.2503,6000,420000,4000,280000,140000
2022-01-19,C036,J1株式会社,茨城県,東京本社,ソリューション営業部,山田,セキュリティソフト,ソフトウェア,64,8000,0.313,5500,352000,4000,256000,96000
2022-01-19,C036,J1株式会社,茨城県,東京本社,ソリューション営業部,山田,業務管理ソフト,ソフトウェア,17,250000,0.3301,167460,2846820,100000,1700000,1146820
2022-01-19,C040,N1株式会社,群馬県,東京本社,営業1部,田中,セキュリティソフト,ソフトウェア,53,8000,0.0783,7370,390610,4000,212000,178610
2022-01-19,C040,N1株式会社,群馬県,東京本社,営業1部,田中,ノートPC_標準モデル,PC,8,150000,0.0044,149340,1194720,126000,1008000,186720
2022-01-19,C040,N1株式会社,群馬県,東京本社,営業1部,田中,会計ソフト,ソフトウェア,8,180000,0.0757,166380,1331040,81000,648000,683040
2022-01-19,C045,S1株式会社,東京都,東京本社,ソリューション営業部,小林,セキュリティソフト,ソフトウェア,26,8000,0.152,6780,176280,4000,104000,72280
2022-01-19,C045,S1株式会社,東京都,東京本社,ソリューション営業部,小林,会計ソフト,ソフトウェア,7,180000,0.1627,150720,1055040,81000,567000,488040
2022-01-19,C047,U1株式会社,千葉県,東京本社,ソリューション営業部,吉田,セキュリティソフト,ソフトウェア,74,8000,0.1976,6420,475080,4000,296000,179080
2022-01-19,C047,U1株式会社,千葉県,東京本社,ソリューション営業部,吉田,業務管理ソフト,ソフトウェア,8,250000,0.2407,189830,1518640,100000,800000,718640
2022-01-19,C049,W1株式会社,東京都,東京本社,営業1部,佐藤,CADソフト,ソフトウェア,8,400000,0.2639,294440,2355520,168000,1344000,1011520
2022-01-19,C050,X1株式会社,神奈川県,東京本社,営業1部,鈴木,ノートPC_標準モデル,PC,18,150000,0.0681,139780,2516040,126000,2268000,248040
2022-01-19,C051,Y1株式会社,栃木県,東京本社,営業1部,高橋,セキュリティソフト,ソフトウェア,84,8000,0.1507,6790,570360,4000,336000,234360
2022-01-19,C051,Y1株式会社,栃木県,東京本社,営業1部,高橋,デスクトップPC_標準モデル,PC,6,120000,0.06,112800,676800,102000,612000,64800
2022-01-19,C052,Z1株式会社,埼玉県,東京本社,営業1部,田中,ノートPC_軽量モデル,PC,21,200000,0.1266,174670,3668070,164000,3444000,224070
2022-01-19,C052,Z1株式会社,埼玉県,東京本社,営業1部,田中,ノートPC_高性能モデル,PC,14,300000,0.1218,263450,3688300,240000,3360000,328300
2022-01-19,C053,A2株式会社,東京都,東京本社,営業2部,伊藤,オフィススイート,ソフトウェア,24,50000,0.1573,42130,1011120,27500,660000,351120
2022-01-19,C053,A2株式会社,東京都,東京本社,営業2部,伊藤,業務管理ソフト,ソフトウェア,4,250000,0.1601,209980,839920,100000,400000,439920
2022-01-19,C054,B2株式会社,東京都,東京本社,営業2部,渡辺,オフィススイート,ソフトウェア,11,50000,0.1016,44920,494120,27500,302500,191620
2022-01-19,C054,B2株式会社,東京都,東京本社,営業2部,渡辺,会計ソフト,ソフトウェア,8,180000,0.1345,155790,1246320,81000,648000,598320
2022-01-19,C058,F2株式会社,群馬県,東京本社,ソリューション営業部,加藤,デスクトップPC_標準モデル,PC,12,120000,0.0342,115900,1390800,102000,1224000,166800
2022-01-19,C058,F2株式会社,群馬県,東京本社,ソリューション営業部,加藤,業務管理ソフト,ソフトウェア,15,250000,0.2058,198550,2978250,100000,1500000,1478250
2022-01-19,C059,G2株式会社,茨城県,東京本社,ソリューション営業部,吉田,セキュリティソフト,ソフトウェア,245,8000,0.3246,5400,1323000,4000,980000,343000
2022-01-19,C060,H2株式会社,東京都,東京本社,ソリューション営業部,山田,セキュリティソフト,ソフトウェア,69,8000,0.3167,5470,377430,4000,276000,101430
2022-01-19,C060,H2株式会社,東京都,東京本社,ソリューション営業部,山田,業務管理ソフト,ソフトウェア,6,250000,0.3375,165620,993720,100000,600000,393720
2022-01-19,C062,J2株式会社,東京都,東京本社,営業1部,鈴木,ノートPC_標準モデル,PC,19,150000,0.0799,138020,2622380,126000,2394000,228380
2022-01-19,C062,J2株式会社,東京都,東京本社,営業1部,鈴木,ワークステーション,PC,8,500000,0.0892,455390,3643120,390000,3120000,523120
2022-01-19,C062,J2株式会社,東京都,東京本社,営業1部,鈴木,業務管理ソフト,ソフトウェア,8,250000,0.251,187240,1497920,100000,800000,697920
2022-01-19,C063,K2株式会社,東京都,東京本社,営業1部,高橋,セキュリティソフト,ソフトウェア,35,8000,0.1312,6950,243250,4000,140000,103250
2022-01-19,C063,K2株式会社,東京都,東京本社,営業1部,高橋,ノートPC_軽量モデル,PC,15,200000,0.0631,187380,2810700,164000,2460000,350700
2022-01-19,C063,K2株式会社,東京都,東京本社,営業1部,高橋,ノートPC_高性能モデル,PC,5,300000,0.0436,286930,1434650,240000,1200000,234650
2022-01-19,C069,Q2株式会社,東京都,東京本社,ソリューション営業部,小林,オフィススイート,ソフトウェア,8,50000,0.0455,47730,381840,27500,220000,161840
2022-01-19,C069,Q2株式会社,東京都,東京本社,ソリューション営業部,小林,業務管理ソフト,ソフトウェア,4,250000,0.0818,229560,918240,100000,400000,518240
2022-01-19,C070,R2株式会社,東京都,東京本社,ソリューション営業部,加藤,オフィススイート,ソフトウェア,14,50000,0.1738,41310,578340,27500,385000,193340
2022-01-19,C071,S2株式会社,東京都,東京本社,ソリューション営業部,吉田,CADソフト,ソフトウェア,2,400000,0.1491,340380,680760,168000,336000,344760
2022-01-19,C071,S2株式会社,東京都,東京本社,ソリューション営業部,吉田,セキュリティソフト,ソフトウェア,75,8000,0.1508,6790,509250,4000,300000,209250
2022-01-19,C071,S2株式会社,東京都,東京本社,ソリューション営業部,吉田,業務管理ソフト,ソフトウェア,7,250000,0.1544,211390,1479730,100000,700000,779730
2022-01-19,C074,V2株式会社,栃木県,東京本社,営業1部,鈴木,ノートPC_軽量モデル,PC,7,200000,0.1258,174840,1223880,164000,1148000,75880
2022-01-19,C074,V2株式会社,栃木県,東京本社,営業1部,鈴木,ノートPC_高性能モデル,PC,13,300000,0.0836,274920,3573960,240000,3120000,453960
2022-01-19,C076,X2株式会社,東京都,東京本社,営業1部,田中,ノートPC_軽量モデル,PC,3,200000,0.0927,181460,544380,164000,492000,52380
2022-01-19,C076,X2株式会社,東京都,東京本社,営業1部,田中,ワークステーション,PC,2,500000,0.0972,451390,902780,390000,780000,122780
2022-01-19,C078,Z2株式会社,東京都,東京本社,営業2部,渡辺,ノートPC_標準モデル,PC,9,150000,0.0267,146000,1314000,126000,1134000,180000
2022-01-20,C002,B株式会社,神奈川県,東京本社,営業1部,鈴木,ノートPC_高性能モデル,PC,7,300000,0.1053,268400,1878800,240000,1680000,198800
2022-01-20,C005,E株式会社,埼玉県,東京本社,営業2部,伊藤,オフィススイート,ソフトウェア,20,50000,0.1184,44080,881600,27500,550000,331600
2022-01-20,C005,E株式会社,埼玉県,東京本社,営業2部,伊藤,ノートPC_標準モデル,PC,5,150000,0.0344,144840,724200,126000,630000,94200
2022-01-20,C005,E株式会社,埼玉県,東京本社,営業2部,伊藤,ワークステーション,PC,4,500000,0.06,469980,1879920,390000,1560000,319920
2022-01-20,C007,G株式会社,神奈川県,東京本社,営業2部,山本,ノートPC_軽量モデル,PC,8,200000,0.0632,187360,1498880,164000,1312000,186880
2022-01-20,C008,H株式会社,神奈川県,東京本社,営業2部,中村,セキュリティソフト,ソフトウェア,37,8000,0.1303,6960,257520,4000,148000,109520
2022-01-20,C008,H株式会社,神奈川県,東京本社,営業2部,中村,デスクトップPC_標準モデル,PC,6,120000,0.0398,115220,691320,102000,612000,79320
2022-01-20,C009,I株式会社,東京都,東京本社,ソリューション営業部,小林,セキュリティソフト,ソフトウェア,75,8000,0.151,6790,509250,4000,300000,209250
2022-01-20,C009,I株式会社,東京都,東京本社,ソリューション営業部,小林,会計ソフト,ソフトウェア,10,180000,0.1634,150590,1505900,81000,810000,695900
2022-01-20,C011,K株式会社,東京都,東京本社,ソリューション営業部,吉田,会計ソフト,ソフトウェア,13,180000,0.2169,140950,1832350,81000,1053000,779350
2022-01-20,C014,N株式会社,東京都,東京本社,営業1部,鈴木,デスクトップPC_標準モデル,PC,5,120000,0.0487,114150,570750,102000,510000,60750
2022-01-20,C014,N株式会社,東京都,東京本社,営業1部,鈴木,ワークステーション,PC,4,500000,0.1288,435580,1742320,390000,1560000,182320
2022-01-20,C015,O株式会社,千葉県,東京本社,営業1部,高橋,デスクトップPC_標準モデル,PC,5,120000,0.0421,114950,574750,102000,510000,64750
2022-01-20,C015,O株式会社,千葉県,東京本社,営業1部,高橋,ノートPC_軽量モデル,PC,5,200000,0.0453,190950,954750,164000,820000,134750
2022-01-20,C015,O株式会社,千葉県,東京本社,営業1部,高橋,ワークステーション,PC,4,500000,0.0348,482620,1930480,390000,1560000,370480
2022-01-20,C016,P株式会社,神奈川県,東京本社,営業1部,田中,CADソフト,ソフトウェア,1,400000,0.2289,308440,308440,168000,168000,140440
2022-01-20,C017,Q株式会社,神奈川県,東京本社,営業2部,伊藤,CADソフト,ソフトウェア,3,400000,0.1477,340920,1022760,168000,504000,518760
2022-01-20,C018,R株式会社,千葉県,東京本社,営業2部,渡辺,セキュリティソフト,ソフトウェア,268,8000,0.3306,5360,1436480,4000,1072000,364480
2022-01-20,C019,S株式会社,神奈川県,東京本社,営業2部,山本,CADソフト,ソフトウェア,14,400000,0.3491,260370,3645180,168000,2352000,1293180
2022-01-20,C019,S株式会社,神奈川県,東京本社,営業2部,山本,デスクトップPC_標準モデル,PC,32,120000,0.1,108000,3456000,102000,3264000,192000
2022-01-20,C019,S株式会社,神奈川県,東京本社,営業2部,山本,ノートPC_高性能モデル,PC,8,300000,0.15,255000,2040000,240000,1920000,120000
2022-01-20,C021,U株式会社,神奈川県,東京本社,ソリューション営業部,小林,オフィススイート,ソフトウェア,67,50000,0.1791,41050,2750350,27500,1842500,907850
2022-01-20,C021,U株式会社,神奈川県,東京本社,ソリューション営業部,小林,ワークステーション,PC,2,500000,0.0418,479100,958200,390000,780000,178200
2022-01-20,C021,U株式会社,神奈川県,東京本社,ソリューション営業部,小林,会計ソフト,ソフトウェア,9,180000,0.1875,146260,1316340,81000,729000,587340
2022-01-20,C023,W株式会社,茨城県,東京本社,ソリューション営業部,吉田,セキュリティソフト,ソフトウェア,98,8000,0.1518,6790,665420,4000,392000,273420
2022-01-20,C023,W株式会社,茨城県,東京本社,ソリューション営業部,吉田,ノートPC_標準モデル,PC,8,150000,0.0786,138210,1105680,126000,1008000,97680
2022-01-20,C023,W株式会社,茨城県,東京本社,ソリューション営業部,吉田,業務管理ソフト,ソフトウェア,10,250000,0.1537,211580,2115800,100000,1000000,1115800
2022-01-20,C025,Y株式会社,埼玉県,東京本社,営業1部,佐藤,ノートPC_軽量モデル,PC,4,200000,0.0362,192750,771000,164000,656000,115000
2022-01-20,C025,Y株式会社,埼玉県,東京本社,営業1部,佐藤,ノートPC_高性能モデル,PC,7,300000,0.0568,282960,1980720,240000,1680000,300720
2022-01-20,C025,Y株式会社,埼玉県,東京本社,営業1部,佐藤,ワークステーション,PC,4,500000,0.0383,480830,1923320,390000,1560000,363320
2022-01-20,C026,Z株式会社,千葉県,東京本社,営業1部,鈴木,ノートPC_高性能モデル,PC,8,300000,0.0623,281320,2250560,240000,1920000,330560
2022-01-20,C027,A1株式会社,東京都,東京本社,営業1部,高橋,ノートPC_軽量モデル,PC,11,200000,0.0848,183040,2013440,164000,1804000,209440
2022-01-20,C028,B1株式会社,千葉県,東京本社,営業1部,田中,ノートPC_標準モデル,PC,7,150000,0.0989,135160,946120,126000,882000,64120
2022-01-20,C028,B1株式会社,千葉県,東京本社,営業1部,田中,ノートPC_軽量モデル,PC,7,200000,0.0685,186300,1304100,164000,1148000,156100
2022-01-20,C028,B1株式会社,千葉県,東京本社,営業1部,田中,ノートPC_高性能モデル,PC,4,300000,0.0723,278320,1113280,240000,960000,153280
2022-01-20,C031,E1株式会社,東京都,東京本社,営業2部,山本,オフィススイート,ソフトウェア,52,50000,0.2723,36390,1892280,27500,1430000,462280
2022-01-20,C031,E1株式会社,東京都,東京本社,営業2部,山本,会計ソフト,ソフトウェア,6,180000,0.2564,133850,803100,81000,486000,317100
2022-01-20,C031,E1株式会社,東京都,東京本社,営業2部,山本,業務管理ソフト,ソフトウェア,7,250000,0.2284,192910,1350370,100000,700000,650370
2022-01-20,C033,G1株式会社,千葉県,東京本社,ソリューション営業部,小林,オフィススイート,ソフトウェア,35,50000,0.1125,44370,1552950,27500,962500,590450
2022-01-20,C033,G1株式会社,千葉県,東京本社,ソリューション営業部,小林,ワークステーション,PC,3,500000,0.0615,469240,1407720,390000,1170000,237720
2022-01-20,C034,H1株式会社,神奈川県,東京本社,ソリューション営業部,加藤,CADソフト,ソフトウェア,6,400000,0.2204,311850,1871100,168000,1008000,863100
2022-01-20,C034,H1株式会社,神奈川県,東京本社,ソリューション営業部,加藤,業務管理ソフト,ソフトウェア,9,250000,0.2049,198770,1788930,100000,900000,888930
2022-01-20,C039,M1株式会社,東京都,東京本社,営業1部,高橋,ノートPC_標準モデル,PC,10,150000,0.0299,145520,1455200,126000,1260000,195200
2022-01-20,C039,M1株式会社,東京都,東京本社,営業1部,高橋,ノートPC_高性能モデル,PC,13,300000,0.0458,286260,3721380,240000,3120000,601380
2022-01-20,C039,M1株式会社,東京都,東京本社,営業1部,高橋,ワークステーション,PC,2,500000,0.0574,471310,942620,390000,780000,162620
2022-01-20,C041,O1株式会社,茨城県,東京本社,営業2部,伊藤,CADソフト,ソフトウェア,4,400000,0.0351,385950,1543800,168000,672000,871800
2022-01-20,C041,O1株式会社,茨城県,東京本社,営業2部,伊藤,ノートPC_標準モデル,PC,10,150000,0.0004,149940,1499400,126000,1260000,239400
2022-01-20,C041,O1株式会社,茨城県,東京本社,営業2部,伊藤,業務管理ソフト,ソフトウェア,2,250000,0.0381,240470,480940,100000,200000,280940
2022-01-20,C043,Q1株式会社,東京都,東京本社,営業2部,山本,セキュリティソフト,ソフトウェア,46,8000,0.1421,6860,315560,4000,184000,131560
2022-01-20,C043,Q1株式会社,東京都,東京本社,営業2部,山本,ワークステーション,PC,2,500000,0.0737,463160,926320,390000,780000,146320
2022-01-20,C043,Q1株式会社,東京都,東京本社,営業2部,山本,会計ソフト,ソフトウェア,10,180000,0.1407,154680,1546800,81000,810000,736800
2022-01-20,C044,R1株式会社,千葉県,東京本社,営業2部,中村,ノートPC_標準モデル,PC,20,150000,0.0477,142840,2856800,126000,2520000,336800
2022-01-20,C047,U1株式会社,千葉県,東京本社,ソリューション営業部,吉田,オフィススイート,ソフトウェア,66,50000,0.2049,39760,2624160,27500,1815000,809160
2022-01-20,C047,U1株式会社,千葉県,東京本社,ソリューション営業部,吉田,会計ソフト,ソフトウェア,19,180000,0.204,143280,2722320,81000,1539000,1183320
2022-01-20,C047,U1株式会社,千葉県,東京本社,ソリューション営業部,吉田,業務管理ソフト,ソフトウェア,10,250000,0.1964,200890,2008900,100000,1000000,1008900
2022-01-20,C048,V1株式会社,神奈川県,東京本社,ソリューション営業部,山田,セキュリティソフト,ソフトウェア,115,8000,0.2099,6320,726800,4000,460000,266800
2022-01-20,C048,V1株式会社,神奈川県,東京本社,ソリューション営業部,山田,ワークステーション,PC,3,500000,0.0674,466320,1398960,390000,1170000,228960
2022-01-20,C048,V1株式会社,神奈川県,東京本社,ソリューション営業部,山田,会計ソフト,ソフトウェア,4,180000,0.1622,150810,603240,81000,324000,279240
2022-01-20,C050,X1株式会社,神奈川県,東京本社,営業1部,鈴木,デスクトップPC_標準モデル,PC,33,120000,0.058,113030,3729990,102000,3366000,363990
2022-01-20,C050,X1株式会社,神奈川県,東京本社,営業1部,鈴木,ノートPC_標準モデル,PC,24,150000,0.065,140250,3366000,126000,3024000,342000
2022-01-20,C051,Y1株式会社,栃木県,東京本社,営業1部,高橋,ノートPC_高性能モデル,PC,7,300000,0.0471,285880,2001160,240000,1680000,321160
2022-01-20,C053,A2株式会社,東京都,東京本社,営業2部,伊藤,ノートPC_標準モデル,PC,29,150000,0.0387,144200,4181800,126000,3654000,527800
2022-01-20,C053,A2株式会社,東京都,東京本社,営業2部,伊藤,ノートPC_軽量モデル,PC,18,200000,0.0569,188620,3395160,164000,2952000,443160
2022-01-20,C056,D2株式会社,東京都,東京本社,営業2部,中村,セキュリティソフト,ソフトウェア,9,8000,0.1492,6810,61290,4000,36000,25290
2022-01-20,C056,D2株式会社,東京都,東京本社,営業2部,中村,ノートPC_軽量モデル,PC,8,200000,0.0853,182930,1463440,164000,1312000,151440
2022-01-20,C057,E2株式会社,埼玉県,東京本社,ソリューション営業部,小林,オフィススイート,ソフトウェア,27,50000,0.1655,41730,1126710,27500,742500,384210
2022-01-20,C057,E2株式会社,埼玉県,東京本社,ソリューション営業部,小林,セキュリティソフト,ソフトウェア,181,8000,0.1711,6630,1200030,4000,724000,476030
2022-01-20,C059,G2株式会社,茨城県,東京本社,ソリューション営業部,吉田,CADソフト,ソフトウェア,9,400000,0.3443,262270,2360430,168000,1512000,848430
2022-01-20,C059,G2株式会社,茨城県,東京本社,ソリューション営業部,吉田,オフィススイート,ソフトウェア,69,50000,0.35,32500,2242500,27500,1897500,345000
2022-01-20,C060,H2株式会社,東京都,東京本社,ソリューション営業部,山田,CADソフト,ソフトウェア,4,400000,0.3287,268510,1074040,168000,672000,402040
2022-01-20,C060,H2株式会社,東京都,東京本社,ソリューション営業部,山田,オフィススイート,ソフトウェア,80,50000,0.35,32500,2600000,27500,2200000,400000
2022-01-20,C062,J2株式会社,東京都,東京本社,営業1部,鈴木,デスクトップPC_標準モデル,PC,7,120000,0.0625,112500,787500,102000,714000,73500
2022-01-20,C062,J2株式会社,東京都,東京本社,営業1部,鈴木,ワークステーション,PC,6,500000,0.093,453500,2721000,390000,2340000,381000
2022-01-20,C065,M2株式会社,千葉県,東京本社,営業2部,伊藤,オフィススイート,ソフトウェア,77,50000,0.2825,35870,2761990,27500,2117500,644490
2022-01-20,C065,M2株式会社,千葉県,東京本社,営業2部,伊藤,ノートPC_軽量モデル,PC,9,200000,0.0807,183860,1654740,164000,1476000,178740
2022-01-20,C065,M2株式会社,千葉県,東京本社,営業2部,伊藤,ワークステーション,PC,12,500000,0.1516,424180,5090160,390000,4680000,410160
2022-01-20,C068,P2株式会社,埼玉県,東京本社,営業2部,中村,CADソフト,ソフトウェア,9,400000,0.3222,271120,2440080,168000,1512000,928080
2022-01-20,C068,P2株式会社,埼玉県,東京本社,営業2部,中村,デスクトップPC_標準モデル,PC,12,120000,0.0813,110240,1322880,102000,1224000,98880
2022-01-20,C068,P2株式会社,埼玉県,東京本社,営業2部,中村,会計ソフト,ソフトウェア,21,180000,0.2807,129480,2719080,81000,1701000,1018080
2022-01-20,C069,Q2株式会社,東京都,東京本社,ソリューション営業部,小林,セキュリティソフト,ソフトウェア,38,8000,0.0863,7310,277780,4000,152000,125780
2022-01-20,C069,Q2株式会社,東京都,東京本社,ソリューション営業部,小林,デスクトップPC_標準モデル,PC,4,120000,0.0369,115580,462320,102000,408000,54320
2022-01-20,C069,Q2株式会社,東京都,東京本社,ソリューション営業部,小林,ノートPC_高性能モデル,PC,2,300000,0.019,294300,588600,240000,480000,108600
2022-01-20,C071,S2株式会社,東京都,東京本社,ソリューション営業部,吉田,セキュリティソフト,ソフトウェア,75,8000,0.1177,7060,529500,4000,300000,229500
2022-01-20,C071,S2株式会社,東京都,東京本社,ソリューション営業部,吉田,ノートPC_標準モデル,PC,21,150000,0.0542,141870,2979270,126000,2646000,333270
2022-01-20,C071,S2株式会社,東京都,東京本社,ソリューション営業部,吉田,会計ソフト,ソフトウェア,12,180000,0.1132,159620,1915440,81000,972000,943440
2022-01-20,C073,U2株式会社,千葉県,東京本社,営業1部,佐藤,オフィススイート,ソフトウェア,29,50000,0.1666,41670,1208430,27500,797500,410930
2022-01-20,C073,U2株式会社,千葉県,東京本社,営業1部,佐藤,ノートPC_高性能モデル,PC,10,300000,0.0841,274780,2747800,240000,2400000,347800
2022-01-20,C074,V2株式会社,栃木県,東京本社,営業1部,鈴木,CADソフト,ソフトウェア,8,400000,0.2607,295730,2365840,168000,1344000,1021840
2022-01-20,C074,V2株式会社,栃木県,東京本社,営業1部,鈴木,デスクトップPC_標準モデル,PC,23,120000,0.0967,108400,2493200,102000,2346000,147200
2022-01-20,C079,A3株式会社,神奈川県,東京本社,営業2部,山本,CADソフト,ソフトウェア,6,400000,0.102,359210,2155260,168000,1008000,1147260
2022-01-20,C079,A3株式会社,神奈川県,東京本社,営業2部,山本,オフィススイート,ソフトウェア,28,50000,0.0965,45170,1264760,27500,770000,494760
2022-01-20,C079,A3株式会社,神奈川県,東京本社,営業2部,山本,セキュリティソフト,ソフトウェア,66,8000,0.1356,6920,456720,4000,264000,192720
2022-01-20,C080,B3株式会社,神奈川県,東京本社,営業2部,中村,CADソフト,ソフトウェア,4,400000,0.115,354020,1416080,168000,672000,744080
2022-01-20,C080,B3株式会社,神奈川県,東京本社,営業2部,中村,セキュリティソフト,ソフトウェア,69,8000,0.1067,7150,493350,4000,276000,217350
2022-01-20,C080,B3株式会社,神奈川県,東京本社,営業2部,中村,ワークステーション,PC,3,500000,0.0699,465070,1395210,390000,1170000,225210
2022-01-21,C001,A株式会社,千葉県,東京本社,営業1部,佐藤,CADソフト,ソフトウェア,1,400000,0.2613,295470,295470,168000,168000,127470
2022-01-21,C001,A株式会社,千葉県,東京本社,営業1部,佐藤,デスクトップPC_標準モデル,PC,9,120000,0.0663,112040,1008360,102000,918000,90360
2022-01-21,C001,A株式会社,千葉県,東京本社,営業1部,佐藤,ノートPC_軽量モデル,PC,9,200000,0.0984,180310,1622790,164000,1476000,146790
2022-01-21,C003,C株式会社,神奈川県,東京本社,営業1部,高橋,セキュリティソフト,ソフトウェア,42,8000,0.1892,6490,272580,4000,168000,104580
2022-01-21,C003,C株式会社,神奈川県,東京本社,営業1部,高橋,デスクトップPC_標準モデル,PC,14,120000,0.0595,112860,1580040,102000,1428000,152040
2022-01-21,C003,C株式会社,神奈川県,東京本社,営業1部,高橋,ワークステーション,PC,1,500000,0.0808,459590,459590,390000,390000,69590
2022-01-21,C004,D株式会社,神奈川県,東京本社,営業1部,田中,デスクトップPC_標準モデル,PC,12,120000,0.0614,112640,1351680,102000,1224000,127680
2022-01-21,C005,E株式会社,埼玉県,東京本社,営業2部,伊藤,CADソフト,ソフトウェア,10,400000,0.0948,362090,3620900,168000,1680000,1940900
2022-01-21,C012,L株式会社,埼玉県,東京本社,ソリューション営業部,山田,オフィススイート,ソフトウェア,16,50000,0.1177,44120,705920,27500,440000,265920
2022-01-21,C012,L株式会社,埼玉県,東京本社,ソリューション営業部,山田,セキュリティソフト,ソフトウェア,39,8000,0.1185,7050,274950,4000,156000,118950
2022-01-21,C012,L株式会社,埼玉県,東京本社,ソリューション営業部,山田,業務管理ソフト,ソフトウェア,2,250000,0.1022,224460,448920,100000,200000,248920
2022-01-21,C014,N株式会社,東京都,東京本社,営業1部,鈴木,デスクトップPC_標準モデル,PC,13,120000,0.0341,115910,1506830,102000,1326000,180830
2022-01-21,C014,N株式会社,東京都,東京本社,営業1部,鈴木,ノートPC_軽量モデル,PC,25,200000,0.0885,182290,4557250,164000,4100000,457250
2022-01-21,C014,N株式会社,東京都,東京本社,営業1部,鈴木,ワークステーション,PC,4,500000,0.088,455990,1823960,390000,1560000,263960
2022-01-21,C016,P株式会社,神奈川県,東京本社,営業1部,田中,セキュリティソフト,ソフトウェア,75,8000,0.2036,6370,477750,4000,300000,177750
2022-01-21,C018,R株式会社,千葉県,東京本社,営業2部,渡辺,CADソフト,ソフトウェア,6,400000,0.35,260000,1560000,168000,1008000,552000
2022-01-21,C022,V株式会社,東京都,東京本社,ソリューション営業部,加藤,CADソフト,ソフトウェア,5,400000,0.2101,315980,1579900,168000,840000,739900
2022-01-21,C022,V株式会社,東京都,東京本社,ソリューション営業部,加藤,セキュリティソフト,ソフトウェア,89,8000,0.2325,6140,546460,4000,356000,190460
2022-01-21,C022,V株式会社,東京都,東京本社,ソリューション営業部,加藤,会計ソフト,ソフトウェア,12,180000,0.2311,138400,1660800,81000,972000,688800
2022-01-21,C023,W株式会社,茨城県,東京本社,ソリューション営業部,吉田,会計ソフト,ソフトウェア,12,180000,0.1786,147860,1774320,81000,972000,802320
2022-01-21,C024,X株式会社,東京都,東京本社,ソリューション営業部,山田,オフィススイート,ソフトウェア,11,50000,0.1866,40670,447370,27500,302500,144870
2022-01-21,C024,X株式会社,東京都,東京本社,ソリューション営業部,山田,ノートPC_軽量モデル,PC,12,200000,0.0775,184510,2214120,164000,1968000,246120
2022-01-21,C024,X株式会社,東京都,東京本社,ソリューション営業部,山田,業務管理ソフト,ソフトウェア,10,250000,0.1887,202840,2028400,100000,1000000,1028400
2022-01-21,C025,Y株式会社,埼玉県,東京本社,営業1部,佐藤,ノートPC_標準モデル,PC,4,150000,0.0268,145980,583920,126000,504000,79920
2022-01-21,C025,Y株式会社,埼玉県,東京本社,営業1部,佐藤,ワークステーション,PC,3,500000,0.044,477980,1433940,390000,1170000,263940
2022-01-21,C027,A1株式会社,東京都,東京本社,営業1部,高橋,ノートPC_高性能モデル,PC,13,300000,0.0985,270450,3515850,240000,3120000,395850
2022-01-21,C030,D1株式会社,東京都,東京本社,営業2部,渡辺,ワークステーション,PC,7,500000,0.0733,463340,3243380,390000,2730000,513380
2022-01-21,C031,E1株式会社,東京都,東京本社,営業2部,山本,CADソフト,ソフトウェア,12,400000,0.2661,293550,3522600,168000,2016000,1506600
2022-01-21,C031,E1株式会社,東京都,東京本社,営業2部,山本,オフィススイート,ソフトウェア,31,50000,0.2251,38740,1200940,27500,852500,348440
2022-01-21,C031,E1株式会社,東京都,東京本社,営業2部,山本,業務管理ソフト,ソフトウェア,15,250000,0.2383,190420,2856300,100000,1500000,1356300
2022-01-21,C032,F1株式会社,東京都,東京本社,営業2部,中村,CADソフト,ソフトウェア,11,400000,0.1804,327840,3606240,168000,1848000,1758240
2022-01-21,C032,F1株式会社,東京都,東京本社,営業2部,中村,セキュリティソフト,ソフトウェア,61,8000,0.17,6640,405040,4000,244000,161040
2022-01-21,C032,F1株式会社,東京都,東京本社,営業2部,中村,ノートPC_軽量モデル,PC,6,200000,0.0412,191760,1150560,164000,984000,166560
2022-01-21,C033,G1株式会社,千葉県,東京本社,ソリューション営業部,小林,CADソフト,ソフトウェア,5,400000,0.0972,361100,1805500,168000,840000,965500
2022-01-21,C035,I1株式会社,千葉県,東京本社,ソリューション営業部,吉田,セキュリティソフト,ソフトウェア,51,8000,0.2517,5990,305490,4000,204000,101490
2022-01-21,C036,J1株式会社,茨城県,東京本社,ソリューション営業部,山田,オフィススイート,ソフトウェア,90,50000,0.328,33600,3024000,27500,2475000,549000
2022-01-21,C036,J1株式会社,茨城県,東京本社,ソリューション営業部,山田,ノートPC_標準モデル,PC,8,150000,0.1066,134010,1072080,126000,1008000,64080
2022-01-21,C036,J1株式会社,茨城県,東京本社,ソリューション営業部,山田,業務管理ソフト,ソフトウェア,15,250000,0.2896,177610,2664150,100000,1500000,1164150
2022-01-21,C037,K1株式会社,神奈川県,東京本社,営業1部,佐藤,ワークステーション,PC,3,500000,0.0539,473050,1419150,390000,1170000,249150
2022-01-21,C038,L1株式会社,千葉県,東京本社,営業1部,鈴木,デスクトップPC_標準モデル,PC,9,120000,0.0344,115880,1042920,102000,918000,124920
2022-01-21,C038,L1株式会社,千葉県,東京本社,営業1部,鈴木,ノートPC_標準モデル,PC,12,150000,0.0361,144590,1735080,126000,1512000,223080
2022-01-21,C039,M1株式会社,東京都,東京本社,営業1部,高橋,デスクトップPC_標準モデル,PC,11,120000,0.0445,114660,1261260,102000,1122000,139260
2022-01-21,C039,M1株式会社,東京都,東京本社,営業1部,高橋,ノートPC_高性能モデル,PC,10,300000,0.071,278710,2787100,240000,2400000,387100
2022-01-21,C039,M1株式会社,東京都,東京本社,営業1部,高橋,会計ソフト,ソフトウェア,8,180000,0.1401,154780,1238240,81000,648000,590240
2022-01-21,C047,U1株式会社,千葉県,東京本社,ソリューション営業部,吉田,オフィススイート,ソフトウェア,37,50000,0.2004,39980,1479260,27500,1017500,461760
2022-01-21,C047,U1株式会社,千葉県,東京本社,ソリューション営業部,吉田,セキュリティソフト,ソフトウェア,92,8000,0.1882,6490,597080,4000,368000,229080
2022-01-21,C047,U1株式会社,千葉県,東京本社,ソリューション営業部,吉田,会計ソフト,ソフトウェア,6,180000,0.2028,143500,861000,81000,486000,375000
2022-01-21,C049,W1株式会社,東京都,東京本社,営業1部,佐藤,デスクトップPC_標準モデル,PC,9,120000,0.0518,113780,1024020,102000,918000,106020
2022-01-21,C049,W1株式会社,東京都,東京本社,営業1部,佐藤,ワークステーション,PC,8,500000,0.1224,438810,3510480,390000,3120000,390480
2022-01-21,C051,Y1株式会社,栃木県,東京本社,営業1部,高橋,デスクトップPC_標準モデル,PC,8,120000,0.0368,115580,924640,102000,816000,108640
2022-01-21,C051,Y1株式会社,栃木県,東京本社,営業1部,高橋,ノートPC_標準モデル,PC,11,150000,0.037,144450,1588950,126000,1386000,202950
2022-01-21,C051,Y1株式会社,栃木県,東京本社,営業1部,高橋,ノートPC_高性能モデル,PC,11,300000,0.0649,280540,3085940,240000,2640000,445940
2022-01-21,C052,Z1株式会社,埼玉県,東京本社,営業1部,田中,ノートPC_標準モデル,PC,20,150000,0.0729,139070,2781400,126000,2520000,261400
2022-01-21,C052,Z1株式会社,埼玉県,東京本社,営業1部,田中,ワークステーション,PC,13,500000,0.1481,425940,5537220,390000,5070000,467220
2022-01-21,C053,A2株式会社,東京都,東京本社,営業2部,伊藤,CADソフト,ソフトウェア,14,400000,0.1739,330430,4626020,168000,2352000,2274020
2022-01-21,C053,A2株式会社,東京都,東京本社,営業2部,伊藤,ノートPC_標準モデル,PC,9,150000,0.0382,144270,1298430,126000,1134000,164430
2022-01-21,C053,A2株式会社,東京都,東京本社,営業2部,伊藤,ノートPC_高性能モデル,PC,9,300000,0.0627,281180,2530620,240000,2160000,370620
2022-01-21,C054,B2株式会社,東京都,東京本社,営業2部,渡辺,ノートPC_標準モデル,PC,10,150000,0.0379,144320,1443200,126000,1260000,183200
2022-01-21,C056,D2株式会社,東京都,東京本社,営業2部,中村,ワークステーション,PC,3,500000,0.067,466510,1399530,390000,1170000,229530
2022-01-21,C058,F2株式会社,群馬県,東京本社,ソリューション営業部,加藤,セキュリティソフト,ソフトウェア,52,8000,0.2006,6400,332800,4000,208000,124800
2022-01-21,C058,F2株式会社,群馬県,東京本社,ソリューション営業部,加藤,会計ソフト,ソフトウェア,14,180000,0.2056,142990,2001860,81000,1134000,867860
2022-01-21,C058,F2株式会社,群馬県,東京本社,ソリューション営業部,加藤,業務管理ソフト,ソフトウェア,9,250000,0.2022,199450,1795050,100000,900000,895050
2022-01-21,C059,G2株式会社,茨城県,東京本社,ソリューション営業部,吉田,オフィススイート,ソフトウェア,62,50000,0.35,32500,2015000,27500,1705000,310000
2022-01-21,C059,G2株式会社,茨城県,東京本社,ソリューション営業部,吉田,会計ソフト,ソフトウェア,26,180000,0.3265,121220,3151720,81000,2106000,1045720
2022-01-21,C059,G2株式会社,茨城県,東京本社,ソリューション営業部,吉田,業務管理ソフト,ソフトウェア,5,250000,0.35,162500,812500,100000,500000,312500
2022-01-21,C061,I2株式会社,東京都,東京本社,営業1部,佐藤,オフィススイート,ソフトウェア,25,50000,0.169,41550,1038750,27500,687500,351250
2022-01-21,C062,J2株式会社,東京都,東京本社,営業1部,鈴木,ワークステーション,PC,3,500000,0.0902,454880,1364640,390000,1170000,194640
2022-01-21,C063,K2株式会社,東京都,東京本社,営業1部,高橋,デスクトップPC_標準モデル,PC,9,120000,0.0148,118230,1064070,102000,918000,146070
2022-01-21,C063,K2株式会社,東京都,東京本社,営業1部,高橋,ノートPC_軽量モデル,PC,16,200000,0.0326,193480,3095680,164000,2624000,471680
2022-01-21,C064,L2株式会社,神奈川県,東京本社,営業1部,田中,ノートPC_標準モデル,PC,11,150000,0.0324,145140,1596540,126000,1386000,210540
2022-01-21,C064,L2株式会社,神奈川県,東京本社,営業1部,田中,ノートPC_軽量モデル,PC,16,200000,0.0458,190850,3053600,164000,2624000,429600
2022-01-21,C069,Q2株式会社,東京都,東京本社,ソリューション営業部,小林,CADソフト,ソフトウェア,2,400000,0.069,372400,744800,168000,336000,408800
2022-01-21,C069,Q2株式会社,東京都,東京本社,ソリューション営業部,小林,会計ソフト,ソフトウェア,6,180000,0.0683,167710,1006260,81000,486000,520260
2022-01-21,C069,Q2株式会社,東京都,東京本社,ソリューション営業部,小林,業務管理ソフト,ソフトウェア,2,250000,0.0767,230810,461620,100000,200000,261620
2022-01-21,C071,S2株式会社,東京都,東京本社,ソリューション営業部,吉田,オフィススイート,ソフトウェア,8,50000,0.1463,42690,341520,27500,220000,121520
2022-01-21,C071,S2株式会社,東京都,東京本社,ソリューション営業部,吉田,デスクトップPC_標準モデル,PC,5,120000,0.026,116880,584400,102000,510000,74400
2022-01-21,C071,S2株式会社,東京都,東京本社,ソリューション営業部,吉田,業務管理ソフト,ソフトウェア,2,250000,0.131,217260,434520,100000,200000,234520
2022-01-21,C072,T2株式会社,埼玉県,東京本社,ソリューション営業部,山田,オフィススイート,ソフトウェア,29,50000,0.1213,43930,1273970,27500,797500,476470
